Source,Target,Type,Id,Label,Weight
1,2,Undirected,1,1,1
2,1,Undirected,2,2,1
2,3,Undirected,3,3,1
2,17,Undirected,4,4,1
3,2,Undirected,5,5,1
3,4,Undirected,6,6,1
4,3,Undirected,7,7,1
4,5,Undirected,8,8,1
4,855,Undirected,9,9,1
5,4,Undirected,10,10,1
6,7,Undirected,11,11,1
6,880,Undirected,12,12,1
7,6,Undirected,13,13,1
7,8,Undirected,14,14,1
7,22,Undirected,15,15,1
7,23,Undirected,16,16,1
7,411,Undirected,17,17,1
7,453,Undirected,18,18,1
7,454,Undirected,19,19,1
7,889,Undirected,20,20,1
8,7,Undirected,21,21,1
8,9,Undirected,22,22,1
8,479,Undirected,23,23,1
8,480,Undirected,24,24,1
8,561,Undirected,25,25,1
9,8,Undirected,26,26,1
9,10,Undirected,27,27,1
9,537,Undirected,28,28,1
9,561,Undirected,29,29,1
9,1074,Undirected,30,30,1
10,9,Undirected,31,31,1
10,11,Undirected,32,32,1
10,536,Undirected,33,33,1
10,561,Undirected,34,34,1
11,10,Undirected,35,35,1
11,12,Undirected,36,36,1
11,560,Undirected,37,37,1
12,11,Undirected,38,38,1
12,13,Undirected,39,39,1
12,27,Undirected,40,40,1
12,30,Undirected,41,41,1
12,559,Undirected,42,42,1
13,12,Undirected,43,43,1
13,14,Undirected,44,44,1
13,596,Undirected,45,45,1
13,1138,Undirected,46,46,1
14,13,Undirected,47,47,1
14,34,Undirected,48,48,1
15,16,Undirected,49,49,1
16,15,Undirected,50,50,1
16,17,Undirected,51,51,1
17,2,Undirected,52,52,1
17,16,Undirected,53,53,1
17,18,Undirected,54,54,1
18,17,Undirected,55,55,1
18,19,Undirected,56,56,1
18,823,Undirected,57,57,1
19,18,Undirected,58,58,1
19,20,Undirected,59,59,1
19,388,Undirected,60,60,1
19,389,Undirected,61,61,1
19,627,Undirected,62,62,1
20,19,Undirected,63,63,1
20,21,Undirected,64,64,1
21,20,Undirected,65,65,1
22,7,Undirected,66,66,1
22,409,Undirected,67,67,1
22,885,Undirected,68,68,1
23,7,Undirected,69,69,1
23,24,Undirected,70,70,1
23,537,Undirected,71,71,1
23,538,Undirected,72,72,1
23,1078,Undirected,73,73,1
23,1109,Undirected,74,74,1
24,23,Undirected,75,75,1
24,25,Undirected,76,76,1
24,1110,Undirected,77,77,1
25,24,Undirected,78,78,1
25,26,Undirected,79,79,1
26,25,Undirected,80,80,1
26,27,Undirected,81,81,1
27,12,Undirected,82,82,1
27,26,Undirected,83,83,1
27,28,Undirected,84,84,1
27,561,Undirected,85,85,1
28,27,Undirected,86,86,1
28,29,Undirected,87,87,1
29,28,Undirected,88,88,1
29,30,Undirected,89,89,1
30,12,Undirected,90,90,1
30,29,Undirected,91,91,1
30,31,Undirected,92,92,1
31,30,Undirected,93,93,1
31,32,Undirected,94,94,1
32,31,Undirected,95,95,1
32,33,Undirected,96,96,1
33,32,Undirected,97,97,1
33,34,Undirected,98,98,1
34,14,Undirected,99,99,1
34,33,Undirected,100,100,1
34,1159,Undirected,101,101,1
35,36,Undirected,102,102,1
35,392,Undirected,103,103,1
36,35,Undirected,104,104,1
36,37,Undirected,105,105,1
36,631,Undirected,106,106,1
37,36,Undirected,107,107,1
37,38,Undirected,108,108,1
37,628,Undirected,109,109,1
37,863,Undirected,110,110,1
37,1011,Undirected,111,111,1
38,37,Undirected,112,112,1
38,39,Undirected,113,113,1
39,38,Undirected,114,114,1
39,40,Undirected,115,115,1
39,412,Undirected,116,116,1
39,413,Undirected,117,117,1
39,628,Undirected,118,118,1
39,875,Undirected,119,119,1
39,876,Undirected,120,120,1
39,881,Undirected,121,121,1
40,39,Undirected,122,122,1
40,41,Undirected,123,123,1
41,40,Undirected,124,124,1
41,42,Undirected,125,125,1
42,41,Undirected,126,126,1
42,43,Undirected,127,127,1
42,876,Undirected,128,128,1
42,881,Undirected,129,129,1
42,882,Undirected,130,130,1
43,42,Undirected,131,131,1
43,44,Undirected,132,132,1
43,50,Undirected,133,133,1
43,51,Undirected,134,134,1
43,411,Undirected,135,135,1
43,454,Undirected,136,136,1
43,455,Undirected,137,137,1
44,43,Undirected,138,138,1
44,45,Undirected,139,139,1
45,44,Undirected,140,140,1
45,46,Undirected,141,141,1
45,888,Undirected,142,142,1
46,45,Undirected,143,143,1
46,47,Undirected,144,144,1
46,485,Undirected,145,145,1
46,889,Undirected,146,146,1
46,1036,Undirected,147,147,1
47,46,Undirected,148,148,1
47,48,Undirected,149,149,1
47,73,Undirected,150,150,1
47,486,Undirected,151,151,1
47,890,Undirected,152,152,1
48,47,Undirected,153,153,1
48,49,Undirected,154,154,1
48,74,Undirected,155,155,1
49,48,Undirected,156,156,1
49,50,Undirected,157,157,1
49,485,Undirected,158,158,1
49,629,Undirected,159,159,1
50,43,Undirected,160,160,1
50,49,Undirected,161,161,1
50,51,Undirected,162,162,1
50,629,Undirected,163,163,1
51,43,Undirected,164,164,1
51,50,Undirected,165,165,1
51,52,Undirected,166,166,1
51,538,Undirected,167,167,1
51,901,Undirected,168,168,1
52,51,Undirected,169,169,1
52,53,Undirected,170,170,1
53,52,Undirected,171,171,1
53,54,Undirected,172,172,1
53,629,Undirected,173,173,1
54,53,Undirected,174,174,1
54,55,Undirected,175,175,1
54,540,Undirected,176,176,1
55,54,Undirected,177,177,1
55,56,Undirected,178,178,1
56,55,Undirected,179,179,1
56,57,Undirected,180,180,1
56,540,Undirected,181,181,1
56,541,Undirected,182,182,1
56,912,Undirected,183,183,1
57,56,Undirected,184,184,1
57,86,Undirected,185,185,1
57,541,Undirected,186,186,1
57,562,Undirected,187,187,1
58,59,Undirected,188,188,1
59,58,Undirected,189,189,1
59,60,Undirected,190,190,1
60,59,Undirected,191,191,1
61,62,Undirected,192,192,1
62,61,Undirected,193,193,1
62,63,Undirected,194,194,1
62,1144,Undirected,195,195,1
63,62,Undirected,196,196,1
64,65,Undirected,197,197,1
64,394,Undirected,198,198,1
64,411,Undirected,199,199,1
64,842,Undirected,200,200,1
65,64,Undirected,201,201,1
65,66,Undirected,202,202,1
65,393,Undirected,203,203,1
65,394,Undirected,204,204,1
65,1012,Undirected,205,205,1
66,65,Undirected,206,206,1
66,67,Undirected,207,207,1
67,66,Undirected,208,208,1
67,68,Undirected,209,209,1
68,67,Undirected,210,210,1
68,69,Undirected,211,211,1
68,669,Undirected,212,212,1
68,863,Undirected,213,213,1
69,68,Undirected,214,214,1
69,70,Undirected,215,215,1
69,414,Undirected,216,216,1
69,415,Undirected,217,217,1
69,630,Undirected,218,218,1
69,633,Undirected,219,219,1
70,69,Undirected,220,220,1
70,71,Undirected,221,221,1
70,417,Undirected,222,222,1
70,456,Undirected,223,223,1
70,670,Undirected,224,224,1
70,879,Undirected,225,225,1
71,70,Undirected,226,226,1
71,72,Undirected,227,227,1
72,71,Undirected,228,228,1
72,73,Undirected,229,229,1
72,671,Undirected,230,230,1
72,888,Undirected,231,231,1
73,47,Undirected,232,232,1
73,72,Undirected,233,233,1
73,1037,Undirected,234,234,1
74,48,Undirected,235,235,1
74,75,Undirected,236,236,1
75,74,Undirected,237,237,1
75,76,Undirected,238,238,1
75,486,Undirected,239,239,1
76,75,Undirected,240,240,1
76,77,Undirected,241,241,1
77,76,Undirected,242,242,1
77,78,Undirected,243,243,1
77,677,Undirected,244,244,1
78,77,Undirected,245,245,1
78,79,Undirected,246,246,1
79,78,Undirected,247,247,1
79,80,Undirected,248,248,1
80,79,Undirected,249,249,1
80,81,Undirected,250,250,1
81,80,Undirected,251,251,1
81,82,Undirected,252,252,1
81,540,Undirected,253,253,1
81,541,Undirected,254,254,1
81,542,Undirected,255,255,1
81,904,Undirected,256,256,1
82,81,Undirected,257,257,1
82,83,Undirected,258,258,1
83,82,Undirected,259,259,1
83,84,Undirected,260,260,1
83,632,Undirected,261,261,1
84,83,Undirected,262,262,1
84,85,Undirected,263,263,1
84,115,Undirected,264,264,1
84,116,Undirected,265,265,1
85,84,Undirected,266,266,1
85,86,Undirected,267,267,1
85,914,Undirected,268,268,1
86,57,Undirected,269,269,1
86,85,Undirected,270,270,1
86,154,Undirected,271,271,1
86,1143,Undirected,272,272,1
87,88,Undirected,273,273,1
88,87,Undirected,274,274,1
88,89,Undirected,275,275,1
89,88,Undirected,276,276,1
89,90,Undirected,277,277,1
90,89,Undirected,278,278,1
90,91,Undirected,279,279,1
90,604,Undirected,280,280,1
90,798,Undirected,281,281,1
91,90,Undirected,282,282,1
91,92,Undirected,283,283,1
92,91,Undirected,284,284,1
92,93,Undirected,285,285,1
93,92,Undirected,286,286,1
93,374,Undirected,287,287,1
93,375,Undirected,288,288,1
93,600,Undirected,289,289,1
94,95,Undirected,290,290,1
95,94,Undirected,291,291,1
95,96,Undirected,292,292,1
95,668,Undirected,293,293,1
96,95,Undirected,294,294,1
96,97,Undirected,295,295,1
97,96,Undirected,296,296,1
97,98,Undirected,297,297,1
98,97,Undirected,298,298,1
98,99,Undirected,299,299,1
99,98,Undirected,300,300,1
99,100,Undirected,301,301,1
100,99,Undirected,302,302,1
100,101,Undirected,303,303,1
100,137,Undirected,304,304,1
100,633,Undirected,305,305,1
100,681,Undirected,306,306,1
101,100,Undirected,307,307,1
101,102,Undirected,308,308,1
101,397,Undirected,309,309,1
101,398,Undirected,310,310,1
102,101,Undirected,311,311,1
102,103,Undirected,312,312,1
103,102,Undirected,313,313,1
103,104,Undirected,314,314,1
103,669,Undirected,315,315,1
104,103,Undirected,316,316,1
104,105,Undirected,317,317,1
105,104,Undirected,318,318,1
105,106,Undirected,319,319,1
105,670,Undirected,320,320,1
105,671,Undirected,321,321,1
105,673,Undirected,322,322,1
106,105,Undirected,323,323,1
106,107,Undirected,324,324,1
106,457,Undirected,325,325,1
106,458,Undirected,326,326,1
106,693,Undirected,327,327,1
106,891,Undirected,328,328,1
107,106,Undirected,329,329,1
107,108,Undirected,330,330,1
107,144,Undirected,331,331,1
107,673,Undirected,332,332,1
107,674,Undirected,333,333,1
107,695,Undirected,334,334,1
107,1040,Undirected,335,335,1
107,1044,Undirected,336,336,1
108,107,Undirected,337,337,1
108,109,Undirected,338,338,1
108,496,Undirected,339,339,1
109,108,Undirected,340,340,1
109,110,Undirected,341,341,1
109,1079,Undirected,342,342,1
110,109,Undirected,343,343,1
110,111,Undirected,344,344,1
110,493,Undirected,345,345,1
110,494,Undirected,346,346,1
110,495,Undirected,347,347,1
110,1042,Undirected,348,348,1
111,110,Undirected,349,349,1
111,112,Undirected,350,350,1
112,111,Undirected,351,351,1
112,113,Undirected,352,352,1
112,905,Undirected,353,353,1
113,112,Undirected,354,354,1
113,114,Undirected,355,355,1
114,113,Undirected,356,356,1
114,115,Undirected,357,357,1
115,84,Undirected,358,358,1
115,114,Undirected,359,359,1
115,149,Undirected,360,360,1
115,542,Undirected,361,361,1
116,84,Undirected,362,362,1
116,117,Undirected,363,363,1
117,116,Undirected,364,364,1
117,118,Undirected,365,365,1
117,150,Undirected,366,366,1
117,151,Undirected,367,367,1
118,117,Undirected,368,368,1
118,119,Undirected,369,369,1
119,118,Undirected,370,370,1
119,120,Undirected,371,371,1
120,119,Undirected,372,372,1
120,121,Undirected,373,373,1
120,1145,Undirected,374,374,1
121,120,Undirected,375,375,1
121,122,Undirected,376,376,1
121,1145,Undirected,377,377,1
122,121,Undirected,378,378,1
122,123,Undirected,379,379,1
122,1150,Undirected,380,380,1
123,122,Undirected,381,381,1
123,124,Undirected,382,382,1
123,1149,Undirected,383,383,1
124,123,Undirected,384,384,1
125,126,Undirected,385,385,1
125,573,Undirected,386,386,1
126,125,Undirected,387,387,1
126,127,Undirected,388,388,1
126,1161,Undirected,389,389,1
127,126,Undirected,390,390,1
127,128,Undirected,391,391,1
128,127,Undirected,392,392,1
128,572,Undirected,393,393,1
129,130,Undirected,394,394,1
130,129,Undirected,395,395,1
130,131,Undirected,396,396,1
130,164,Undirected,397,397,1
130,372,Undirected,398,398,1
131,130,Undirected,399,399,1
131,132,Undirected,400,400,1
132,131,Undirected,401,401,1
132,133,Undirected,402,402,1
133,132,Undirected,403,403,1
133,134,Undirected,404,404,1
133,678,Undirected,405,405,1
134,133,Undirected,406,406,1
134,135,Undirected,407,407,1
135,134,Undirected,408,408,1
136,137,Undirected,409,409,1
136,681,Undirected,410,410,1
136,843,Undirected,411,411,1
137,100,Undirected,412,412,1
137,136,Undirected,413,413,1
137,138,Undirected,414,414,1
137,169,Undirected,415,415,1
137,171,Undirected,416,416,1
137,399,Undirected,417,417,1
137,690,Undirected,418,418,1
137,994,Undirected,419,419,1
138,137,Undirected,420,420,1
138,139,Undirected,421,421,1
138,864,Undirected,422,422,1
139,138,Undirected,423,423,1
139,140,Undirected,424,424,1
139,422,Undirected,425,425,1
139,423,Undirected,426,426,1
140,139,Undirected,427,427,1
140,141,Undirected,428,428,1
141,140,Undirected,429,429,1
141,142,Undirected,430,430,1
141,178,Undirected,431,431,1
141,179,Undirected,432,432,1
141,459,Undirected,433,433,1
141,687,Undirected,434,434,1
141,715,Undirected,435,435,1
142,141,Undirected,436,436,1
142,143,Undirected,437,437,1
143,142,Undirected,438,438,1
143,144,Undirected,439,439,1
143,497,Undirected,440,440,1
143,498,Undirected,441,441,1
143,893,Undirected,442,442,1
144,107,Undirected,443,443,1
144,143,Undirected,444,444,1
144,145,Undirected,445,445,1
144,496,Undirected,446,446,1
144,497,Undirected,447,447,1
144,1080,Undirected,448,448,1
145,144,Undirected,449,449,1
145,146,Undirected,450,450,1
145,701,Undirected,451,451,1
145,906,Undirected,452,452,1
145,907,Undirected,453,453,1
146,145,Undirected,454,454,1
146,147,Undirected,455,455,1
147,146,Undirected,456,456,1
147,148,Undirected,457,457,1
148,147,Undirected,458,458,1
148,149,Undirected,459,459,1
148,543,Undirected,460,460,1
149,115,Undirected,461,461,1
149,148,Undirected,462,462,1
149,150,Undirected,463,463,1
150,117,Undirected,464,464,1
150,149,Undirected,465,465,1
151,117,Undirected,466,466,1
151,152,Undirected,467,467,1
152,151,Undirected,468,468,1
152,153,Undirected,469,469,1
152,917,Undirected,470,470,1
153,152,Undirected,471,471,1
153,154,Undirected,472,472,1
154,86,Undirected,473,473,1
154,153,Undirected,474,474,1
154,155,Undirected,475,475,1
155,154,Undirected,476,476,1
155,156,Undirected,477,477,1
155,1146,Undirected,478,478,1
156,155,Undirected,479,479,1
156,157,Undirected,480,480,1
156,576,Undirected,481,481,1
157,156,Undirected,482,482,1
157,576,Undirected,483,483,1
158,159,Undirected,484,484,1
158,577,Undirected,485,485,1
159,158,Undirected,486,486,1
159,160,Undirected,487,487,1
160,159,Undirected,488,488,1
160,161,Undirected,489,489,1
160,210,Undirected,490,490,1
161,160,Undirected,491,491,1
161,162,Undirected,492,492,1
162,161,Undirected,493,493,1
162,163,Undirected,494,494,1
163,162,Undirected,495,495,1
163,212,Undirected,496,496,1
164,130,Undirected,497,497,1
164,165,Undirected,498,498,1
164,373,Undirected,499,499,1
164,599,Undirected,500,500,1
164,844,Undirected,501,501,1
165,164,Undirected,502,502,1
166,167,Undirected,503,503,1
167,166,Undirected,504,504,1
167,168,Undirected,505,505,1
168,167,Undirected,506,506,1
168,169,Undirected,507,507,1
168,856,Undirected,508,508,1
169,137,Undirected,509,509,1
169,168,Undirected,510,510,1
169,170,Undirected,511,511,1
170,169,Undirected,512,512,1
170,171,Undirected,513,513,1
171,137,Undirected,514,514,1
171,170,Undirected,515,515,1
171,172,Undirected,516,516,1
171,400,Undirected,517,517,1
172,171,Undirected,518,518,1
172,173,Undirected,519,519,1
173,172,Undirected,520,520,1
173,174,Undirected,521,521,1
173,423,Undirected,522,522,1
173,424,Undirected,523,523,1
173,864,Undirected,524,524,1
174,173,Undirected,525,525,1
174,175,Undirected,526,526,1
175,174,Undirected,527,527,1
175,176,Undirected,528,528,1
176,175,Undirected,529,529,1
176,177,Undirected,530,530,1
177,176,Undirected,531,531,1
177,178,Undirected,532,532,1
177,715,Undirected,533,533,1
177,1030,Undirected,534,534,1
178,141,Undirected,535,535,1
178,177,Undirected,536,536,1
179,141,Undirected,537,537,1
179,180,Undirected,538,538,1
179,499,Undirected,539,539,1
180,179,Undirected,540,540,1
180,181,Undirected,541,541,1
180,460,Undirected,542,542,1
180,499,Undirected,543,543,1
180,1031,Undirected,544,544,1
180,1032,Undirected,545,545,1
181,180,Undirected,546,546,1
181,182,Undirected,547,547,1
181,234,Undirected,548,548,1
181,235,Undirected,549,549,1
181,499,Undirected,550,550,1
181,735,Undirected,551,551,1
181,1049,Undirected,552,552,1
182,181,Undirected,553,553,1
182,183,Undirected,554,554,1
183,182,Undirected,555,555,1
183,184,Undirected,556,556,1
184,183,Undirected,557,557,1
184,185,Undirected,558,558,1
185,184,Undirected,559,559,1
185,186,Undirected,560,560,1
186,185,Undirected,561,561,1
186,187,Undirected,562,562,1
186,188,Undirected,563,563,1
186,718,Undirected,564,564,1
187,186,Undirected,565,565,1
187,188,Undirected,566,566,1
187,1083,Undirected,567,567,1
188,186,Undirected,568,568,1
188,187,Undirected,569,569,1
188,189,Undirected,570,570,1
188,545,Undirected,571,571,1
188,546,Undirected,572,572,1
188,699,Undirected,573,573,1
189,188,Undirected,574,574,1
189,190,Undirected,575,575,1
189,719,Undirected,576,576,1
190,189,Undirected,577,577,1
190,191,Undirected,578,578,1
190,543,Undirected,579,579,1
190,1113,Undirected,580,580,1
191,190,Undirected,581,581,1
191,192,Undirected,582,582,1
191,719,Undirected,583,583,1
192,191,Undirected,584,584,1
192,193,Undirected,585,585,1
192,194,Undirected,586,586,1
193,192,Undirected,587,587,1
193,194,Undirected,588,588,1
193,1153,Undirected,589,589,1
194,192,Undirected,590,590,1
194,193,Undirected,591,591,1
194,195,Undirected,592,592,1
194,196,Undirected,593,593,1
194,1116,Undirected,594,594,1
195,194,Undirected,595,595,1
195,196,Undirected,596,596,1
195,1124,Undirected,597,597,1
196,194,Undirected,598,598,1
196,195,Undirected,599,599,1
196,197,Undirected,600,600,1
196,241,Undirected,601,601,1
196,1153,Undirected,602,602,1
197,196,Undirected,603,603,1
197,198,Undirected,604,604,1
197,242,Undirected,605,605,1
197,243,Undirected,606,606,1
198,197,Undirected,607,607,1
198,199,Undirected,608,608,1
199,198,Undirected,609,609,1
199,200,Undirected,610,610,1
200,199,Undirected,611,611,1
200,201,Undirected,612,612,1
201,200,Undirected,613,613,1
201,202,Undirected,614,614,1
202,201,Undirected,615,615,1
202,203,Undirected,616,616,1
203,202,Undirected,617,617,1
203,204,Undirected,618,618,1
203,246,Undirected,619,619,1
203,577,Undirected,620,620,1
204,203,Undirected,621,621,1
204,205,Undirected,622,622,1
204,206,Undirected,623,623,1
204,247,Undirected,624,624,1
204,931,Undirected,625,625,1
204,932,Undirected,626,626,1
205,204,Undirected,627,627,1
205,206,Undirected,628,628,1
206,204,Undirected,629,629,1
206,205,Undirected,630,630,1
206,207,Undirected,631,631,1
206,248,Undirected,632,632,1
206,1170,Undirected,633,633,1
207,206,Undirected,634,634,1
207,208,Undirected,635,635,1
208,207,Undirected,636,636,1
208,209,Undirected,637,637,1
209,208,Undirected,638,638,1
210,160,Undirected,639,639,1
210,211,Undirected,640,640,1
211,210,Undirected,641,641,1
211,212,Undirected,642,642,1
211,933,Undirected,643,643,1
212,163,Undirected,644,644,1
212,211,Undirected,645,645,1
212,1171,Undirected,646,646,1
213,214,Undirected,647,647,1
214,213,Undirected,648,648,1
214,249,Undirected,649,649,1
215,216,Undirected,650,650,1
216,215,Undirected,651,651,1
216,217,Undirected,652,652,1
217,216,Undirected,653,653,1
217,218,Undirected,654,654,1
217,288,Undirected,655,655,1
217,616,Undirected,656,656,1
218,217,Undirected,657,657,1
218,219,Undirected,658,658,1
219,218,Undirected,659,659,1
219,220,Undirected,660,660,1
220,219,Undirected,661,661,1
220,221,Undirected,662,662,1
221,220,Undirected,663,663,1
221,222,Undirected,664,664,1
221,703,Undirected,665,665,1
222,221,Undirected,666,666,1
222,223,Undirected,667,667,1
223,222,Undirected,668,668,1
223,224,Undirected,669,669,1
223,802,Undirected,670,670,1
224,223,Undirected,671,671,1
224,225,Undirected,672,672,1
224,808,Undirected,673,673,1
225,224,Undirected,674,674,1
225,226,Undirected,675,675,1
225,708,Undirected,676,676,1
225,709,Undirected,677,677,1
226,225,Undirected,678,678,1
226,227,Undirected,679,679,1
227,226,Undirected,680,680,1
227,228,Undirected,681,681,1
228,227,Undirected,682,682,1
228,811,Undirected,683,683,1
228,834,Undirected,684,684,1
228,835,Undirected,685,685,1
229,230,Undirected,686,686,1
229,730,Undirected,687,687,1
229,731,Undirected,688,688,1
229,858,Undirected,689,689,1
230,229,Undirected,690,690,1
230,231,Undirected,691,691,1
230,400,Undirected,692,692,1
231,230,Undirected,693,693,1
231,232,Undirected,694,694,1
232,231,Undirected,695,695,1
232,233,Undirected,696,696,1
232,401,Undirected,697,697,1
232,424,Undirected,698,698,1
233,232,Undirected,699,699,1
233,234,Undirected,700,700,1
233,427,Undirected,701,701,1
233,428,Undirected,702,702,1
233,1033,Undirected,703,703,1
234,181,Undirected,704,704,1
234,233,Undirected,705,705,1
234,1031,Undirected,706,706,1
235,181,Undirected,707,707,1
235,236,Undirected,708,708,1
235,1051,Undirected,709,709,1
236,235,Undirected,710,710,1
236,237,Undirected,711,711,1
236,501,Undirected,712,712,1
236,502,Undirected,713,713,1
236,717,Undirected,714,714,1
236,718,Undirected,715,715,1
236,720,Undirected,716,716,1
236,735,Undirected,717,717,1
237,236,Undirected,718,718,1
237,238,Undirected,719,719,1
237,910,Undirected,720,720,1
238,237,Undirected,721,721,1
238,239,Undirected,722,722,1
238,1092,Undirected,723,723,1
239,238,Undirected,724,724,1
239,240,Undirected,725,725,1
240,239,Undirected,726,726,1
240,241,Undirected,727,727,1
240,546,Undirected,728,728,1
240,547,Undirected,729,729,1
240,1118,Undirected,730,730,1
241,196,Undirected,731,731,1
241,240,Undirected,732,732,1
241,242,Undirected,733,733,1
241,549,Undirected,734,734,1
241,563,Undirected,735,735,1
242,197,Undirected,736,736,1
242,241,Undirected,737,737,1
242,1154,Undirected,738,738,1
243,197,Undirected,739,739,1
243,244,Undirected,740,740,1
244,243,Undirected,741,741,1
244,245,Undirected,742,742,1
245,244,Undirected,743,743,1
245,246,Undirected,744,744,1
246,203,Undirected,745,745,1
246,245,Undirected,746,746,1
246,247,Undirected,747,747,1
246,276,Undirected,748,748,1
246,747,Undirected,749,749,1
247,204,Undirected,750,750,1
247,246,Undirected,751,751,1
248,206,Undirected,752,752,1
249,214,Undirected,753,753,1
249,250,Undirected,754,754,1
250,249,Undirected,755,755,1
250,251,Undirected,756,756,1
251,250,Undirected,757,757,1
252,253,Undirected,758,758,1
252,1009,Undirected,759,759,1
253,252,Undirected,760,760,1
253,254,Undirected,761,761,1
253,401,Undirected,762,762,1
253,711,Undirected,763,763,1
253,995,Undirected,764,764,1
254,253,Undirected,765,765,1
254,255,Undirected,766,766,1
254,403,Undirected,767,767,1
254,860,Undirected,768,768,1
254,995,Undirected,769,769,1
255,254,Undirected,770,770,1
255,256,Undirected,771,771,1
256,255,Undirected,772,772,1
256,257,Undirected,773,773,1
257,256,Undirected,774,774,1
257,258,Undirected,775,775,1
258,257,Undirected,776,776,1
258,259,Undirected,777,777,1
259,258,Undirected,778,778,1
259,260,Undirected,779,779,1
259,466,Undirected,780,780,1
259,467,Undirected,781,781,1
260,259,Undirected,782,782,1
260,261,Undirected,783,783,1
261,260,Undirected,784,784,1
261,262,Undirected,785,785,1
262,261,Undirected,786,786,1
262,263,Undirected,787,787,1
262,748,Undirected,788,788,1
262,894,Undirected,789,789,1
263,262,Undirected,790,790,1
263,264,Undirected,791,791,1
264,263,Undirected,792,792,1
264,265,Undirected,793,793,1
264,510,Undirected,794,794,1
265,264,Undirected,795,795,1
265,266,Undirected,796,796,1
265,509,Undirected,797,797,1
265,512,Undirected,798,798,1
265,551,Undirected,799,799,1
265,753,Undirected,800,800,1
266,265,Undirected,801,801,1
266,267,Undirected,802,802,1
267,266,Undirected,803,803,1
267,268,Undirected,804,804,1
267,552,Undirected,805,805,1
268,267,Undirected,806,806,1
268,269,Undirected,807,807,1
268,754,Undirected,808,808,1
269,268,Undirected,809,809,1
269,270,Undirected,810,810,1
269,553,Undirected,811,811,1
269,1125,Undirected,812,812,1
270,269,Undirected,813,813,1
270,271,Undirected,814,814,1
270,760,Undirected,815,815,1
270,1126,Undirected,816,816,1
271,270,Undirected,817,817,1
271,272,Undirected,818,818,1
272,271,Undirected,819,819,1
272,273,Undirected,820,820,1
273,272,Undirected,821,821,1
273,274,Undirected,822,822,1
274,273,Undirected,823,823,1
274,275,Undirected,824,824,1
275,274,Undirected,825,825,1
275,276,Undirected,826,826,1
276,246,Undirected,827,827,1
276,275,Undirected,828,828,1
276,578,Undirected,829,829,1
277,278,Undirected,830,830,1
277,284,Undirected,831,831,1
277,290,Undirected,832,832,1
277,378,Undirected,833,833,1
277,837,Undirected,834,834,1
278,277,Undirected,835,835,1
278,279,Undirected,836,836,1
278,711,Undirected,837,837,1
279,278,Undirected,838,838,1
279,280,Undirected,839,839,1
279,1008,Undirected,840,840,1
280,279,Undirected,841,841,1
280,281,Undirected,842,842,1
280,287,Undirected,843,843,1
280,292,Undirected,844,844,1
280,433,Undirected,845,845,1
280,434,Undirected,846,846,1
281,280,Undirected,847,847,1
281,756,Undirected,848,848,1
281,896,Undirected,849,849,1
281,897,Undirected,850,850,1
282,283,Undirected,851,851,1
282,555,Undirected,852,852,1
283,282,Undirected,853,853,1
284,277,Undirected,854,854,1
284,285,Undirected,855,855,1
284,291,Undirected,856,856,1
284,296,Undirected,857,857,1
284,297,Undirected,858,858,1
284,310,Undirected,859,859,1
284,404,Undirected,860,860,1
284,405,Undirected,861,861,1
284,847,Undirected,862,862,1
284,848,Undirected,863,863,1
285,284,Undirected,864,864,1
285,286,Undirected,865,865,1
286,285,Undirected,866,866,1
286,287,Undirected,867,867,1
287,280,Undirected,868,868,1
287,286,Undirected,869,869,1
287,865,Undirected,870,870,1
288,217,Undirected,871,871,1
288,289,Undirected,872,872,1
289,288,Undirected,873,873,1
289,290,Undirected,874,874,1
290,277,Undirected,875,875,1
290,289,Undirected,876,876,1
291,284,Undirected,877,877,1
291,292,Undirected,878,878,1
292,280,Undirected,879,879,1
292,291,Undirected,880,880,1
292,293,Undirected,881,881,1
292,435,Undirected,882,882,1
293,292,Undirected,883,883,1
293,294,Undirected,884,884,1
294,293,Undirected,885,885,1
294,295,Undirected,886,886,1
295,294,Undirected,887,887,1
296,284,Undirected,888,888,1
297,284,Undirected,889,889,1
297,298,Undirected,890,890,1
297,865,Undirected,891,891,1
297,866,Undirected,892,892,1
298,297,Undirected,893,893,1
298,782,Undirected,894,894,1
298,783,Undirected,895,895,1
299,300,Undirected,896,896,1
299,314,Undirected,897,897,1
299,474,Undirected,898,898,1
300,299,Undirected,899,899,1
300,301,Undirected,900,900,1
301,300,Undirected,901,901,1
301,302,Undirected,902,902,1
302,301,Undirected,903,903,1
302,303,Undirected,904,904,1
303,302,Undirected,905,905,1
303,304,Undirected,906,906,1
304,303,Undirected,907,907,1
304,305,Undirected,908,908,1
304,519,Undirected,909,909,1
304,520,Undirected,910,910,1
305,304,Undirected,911,911,1
305,306,Undirected,912,912,1
305,942,Undirected,913,913,1
306,305,Undirected,914,914,1
306,307,Undirected,915,915,1
307,306,Undirected,916,916,1
307,308,Undirected,917,917,1
308,307,Undirected,918,918,1
308,309,Undirected,919,919,1
309,308,Undirected,920,920,1
310,284,Undirected,921,921,1
310,311,Undirected,922,922,1
311,310,Undirected,923,923,1
311,312,Undirected,924,924,1
312,311,Undirected,925,925,1
312,313,Undirected,926,926,1
312,435,Undirected,927,927,1
313,312,Undirected,928,928,1
313,314,Undirected,929,929,1
313,321,Undirected,930,930,1
314,299,Undirected,931,931,1
314,313,Undirected,932,932,1
314,315,Undirected,933,933,1
315,314,Undirected,934,934,1
315,316,Undirected,935,935,1
316,315,Undirected,936,936,1
316,317,Undirected,937,937,1
316,522,Undirected,938,938,1
317,316,Undirected,939,939,1
317,318,Undirected,940,940,1
317,945,Undirected,941,941,1
318,317,Undirected,942,942,1
319,320,Undirected,943,943,1
319,406,Undirected,944,944,1
319,407,Undirected,945,945,1
320,319,Undirected,946,946,1
320,321,Undirected,947,947,1
320,866,Undirected,948,948,1
320,867,Undirected,949,949,1
321,313,Undirected,950,950,1
321,320,Undirected,951,951,1
321,322,Undirected,952,952,1
321,436,Undirected,953,953,1
322,321,Undirected,954,954,1
322,323,Undirected,955,955,1
323,322,Undirected,956,956,1
323,324,Undirected,957,957,1
324,323,Undirected,958,958,1
324,325,Undirected,959,959,1
325,324,Undirected,960,960,1
325,326,Undirected,961,961,1
326,325,Undirected,962,962,1
326,327,Undirected,963,963,1
327,326,Undirected,964,964,1
327,328,Undirected,965,965,1
328,327,Undirected,966,966,1
328,523,Undirected,967,967,1
329,330,Undirected,968,968,1
329,407,Undirected,969,969,1
329,408,Undirected,970,970,1
330,329,Undirected,971,971,1
330,331,Undirected,972,972,1
331,330,Undirected,973,973,1
331,332,Undirected,974,974,1
332,331,Undirected,975,975,1
332,333,Undirected,976,976,1
333,332,Undirected,977,977,1
333,334,Undirected,978,978,1
334,333,Undirected,979,979,1
334,335,Undirected,980,980,1
334,343,Undirected,981,981,1
335,334,Undirected,982,982,1
335,336,Undirected,983,983,1
335,870,Undirected,984,984,1
336,335,Undirected,985,985,1
336,337,Undirected,986,986,1
336,444,Undirected,987,987,1
337,336,Undirected,988,988,1
337,338,Undirected,989,989,1
337,443,Undirected,990,990,1
337,954,Undirected,991,991,1
338,337,Undirected,992,992,1
338,339,Undirected,993,993,1
338,954,Undirected,994,994,1
339,338,Undirected,995,995,1
339,340,Undirected,996,996,1
339,531,Undirected,997,997,1
339,532,Undirected,998,998,1
339,957,Undirected,999,999,1
340,339,Undirected,1000,1000,1
341,342,Undirected,1001,1001,1
341,350,Undirected,1002,1002,1
341,408,Undirected,1003,1003,1
341,854,Undirected,1004,1004,1
342,341,Undirected,1005,1005,1
342,343,Undirected,1006,1006,1
342,976,Undirected,1007,1007,1
343,334,Undirected,1008,1008,1
343,342,Undirected,1009,1009,1
343,344,Undirected,1010,1010,1
343,351,Undirected,1011,1011,1
344,343,Undirected,1012,1012,1
344,345,Undirected,1013,1013,1
345,344,Undirected,1014,1014,1
345,346,Undirected,1015,1015,1
346,345,Undirected,1016,1016,1
346,347,Undirected,1017,1017,1
346,445,Undirected,1018,1018,1
346,965,Undirected,1019,1019,1
347,346,Undirected,1020,1020,1
347,348,Undirected,1021,1021,1
347,444,Undirected,1022,1022,1
347,956,Undirected,1023,1023,1
348,347,Undirected,1024,1024,1
348,349,Undirected,1025,1025,1
349,348,Undirected,1026,1026,1
350,341,Undirected,1027,1027,1
350,351,Undirected,1028,1028,1
351,343,Undirected,1029,1029,1
351,350,Undirected,1030,1030,1
351,352,Undirected,1031,1031,1
351,977,Undirected,1032,1032,1
352,351,Undirected,1033,1033,1
352,353,Undirected,1034,1034,1
353,352,Undirected,1035,1035,1
353,354,Undirected,1036,1036,1
353,449,Undirected,1037,1037,1
353,450,Undirected,1038,1038,1
354,353,Undirected,1039,1039,1
355,356,Undirected,1040,1040,1
356,355,Undirected,1041,1041,1
357,358,Undirected,1042,1042,1
358,357,Undirected,1043,1043,1
358,359,Undirected,1044,1044,1
359,358,Undirected,1045,1045,1
359,360,Undirected,1046,1046,1
360,359,Undirected,1047,1047,1
360,361,Undirected,1048,1048,1
361,360,Undirected,1049,1049,1
361,362,Undirected,1050,1050,1
361,611,Undirected,1051,1051,1
361,612,Undirected,1052,1052,1
362,361,Undirected,1053,1053,1
362,363,Undirected,1054,1054,1
363,362,Undirected,1055,1055,1
363,364,Undirected,1056,1056,1
364,363,Undirected,1057,1057,1
364,800,Undirected,1058,1058,1
364,801,Undirected,1059,1059,1
365,366,Undirected,1060,1060,1
366,365,Undirected,1061,1061,1
366,367,Undirected,1062,1062,1
367,366,Undirected,1063,1063,1
367,382,Undirected,1064,1064,1
367,590,Undirected,1065,1065,1
368,369,Undirected,1066,1066,1
369,368,Undirected,1067,1067,1
369,370,Undirected,1068,1068,1
369,840,Undirected,1069,1069,1
370,369,Undirected,1070,1070,1
370,371,Undirected,1071,1071,1
370,623,Undirected,1072,1072,1
371,370,Undirected,1073,1073,1
372,130,Undirected,1074,1074,1
373,164,Undirected,1075,1075,1
373,374,Undirected,1076,1076,1
373,793,Undirected,1077,1077,1
374,93,Undirected,1078,1078,1
374,373,Undirected,1079,1079,1
375,93,Undirected,1080,1080,1
375,376,Undirected,1081,1081,1
375,831,Undirected,1082,1082,1
375,832,Undirected,1083,1083,1
376,375,Undirected,1084,1084,1
376,796,Undirected,1085,1085,1
376,797,Undirected,1086,1086,1
377,378,Undirected,1087,1087,1
377,711,Undirected,1088,1088,1
377,998,Undirected,1089,1089,1
377,1006,Undirected,1090,1090,1
378,277,Undirected,1091,1091,1
378,377,Undirected,1092,1092,1
379,380,Undirected,1093,1093,1
379,986,Undirected,1094,1094,1
380,379,Undirected,1095,1095,1
380,381,Undirected,1096,1096,1
381,380,Undirected,1097,1097,1
381,382,Undirected,1098,1098,1
382,367,Undirected,1099,1099,1
382,381,Undirected,1100,1100,1
383,384,Undirected,1101,1101,1
384,383,Undirected,1102,1102,1
384,385,Undirected,1103,1103,1
385,384,Undirected,1104,1104,1
385,386,Undirected,1105,1105,1
386,385,Undirected,1106,1106,1
386,387,Undirected,1107,1107,1
387,386,Undirected,1108,1108,1
387,388,Undirected,1109,1109,1
388,19,Undirected,1110,1110,1
388,387,Undirected,1111,1111,1
389,19,Undirected,1112,1112,1
389,390,Undirected,1113,1113,1
389,861,Undirected,1114,1114,1
390,389,Undirected,1115,1115,1
390,391,Undirected,1116,1116,1
390,855,Undirected,1117,1117,1
391,390,Undirected,1118,1118,1
392,35,Undirected,1119,1119,1
392,393,Undirected,1120,1120,1
393,65,Undirected,1121,1121,1
393,392,Undirected,1122,1122,1
394,64,Undirected,1123,1123,1
394,65,Undirected,1124,1124,1
394,395,Undirected,1125,1125,1
394,987,Undirected,1126,1126,1
395,394,Undirected,1127,1127,1
395,396,Undirected,1128,1128,1
396,395,Undirected,1129,1129,1
396,397,Undirected,1130,1130,1
397,101,Undirected,1131,1131,1
397,396,Undirected,1132,1132,1
397,669,Undirected,1133,1133,1
398,101,Undirected,1134,1134,1
398,399,Undirected,1135,1135,1
399,137,Undirected,1136,1136,1
399,398,Undirected,1137,1137,1
399,682,Undirected,1138,1138,1
400,171,Undirected,1139,1139,1
400,230,Undirected,1140,1140,1
400,401,Undirected,1141,1141,1
400,424,Undirected,1142,1142,1
401,232,Undirected,1143,1143,1
401,253,Undirected,1144,1144,1
401,400,Undirected,1145,1145,1
401,402,Undirected,1146,1146,1
401,731,Undirected,1147,1147,1
401,732,Undirected,1148,1148,1
401,1019,Undirected,1149,1149,1
402,401,Undirected,1150,1150,1
402,403,Undirected,1151,1151,1
402,452,Undirected,1152,1152,1
402,475,Undirected,1153,1153,1
403,254,Undirected,1154,1154,1
403,402,Undirected,1155,1155,1
403,404,Undirected,1156,1156,1
403,1008,Undirected,1157,1157,1
404,284,Undirected,1158,1158,1
404,403,Undirected,1159,1159,1
405,284,Undirected,1160,1160,1
405,406,Undirected,1161,1161,1
406,319,Undirected,1162,1162,1
406,405,Undirected,1163,1163,1
407,319,Undirected,1164,1164,1
407,329,Undirected,1165,1165,1
407,851,Undirected,1166,1166,1
408,329,Undirected,1167,1167,1
408,341,Undirected,1168,1168,1
409,22,Undirected,1169,1169,1
409,410,Undirected,1170,1170,1
409,862,Undirected,1171,1171,1
409,1024,Undirected,1172,1172,1
410,409,Undirected,1173,1173,1
410,411,Undirected,1174,1174,1
411,7,Undirected,1175,1175,1
411,43,Undirected,1176,1176,1
411,64,Undirected,1177,1177,1
411,410,Undirected,1178,1178,1
411,412,Undirected,1179,1179,1
412,39,Undirected,1180,1180,1
412,411,Undirected,1181,1181,1
412,1014,Undirected,1182,1182,1
413,39,Undirected,1183,1183,1
413,414,Undirected,1184,1184,1
413,876,Undirected,1185,1185,1
413,1029,Undirected,1186,1186,1
414,69,Undirected,1187,1187,1
414,413,Undirected,1188,1188,1
414,1015,Undirected,1189,1189,1
415,69,Undirected,1190,1190,1
415,416,Undirected,1191,1191,1
416,415,Undirected,1192,1192,1
416,417,Undirected,1193,1193,1
416,669,Undirected,1194,1194,1
416,670,Undirected,1195,1195,1
416,883,Undirected,1196,1196,1
417,70,Undirected,1197,1197,1
417,416,Undirected,1198,1198,1
417,418,Undirected,1199,1199,1
418,417,Undirected,1200,1200,1
418,419,Undirected,1201,1201,1
419,418,Undirected,1202,1202,1
419,420,Undirected,1203,1203,1
420,419,Undirected,1204,1204,1
420,421,Undirected,1205,1205,1
421,420,Undirected,1206,1206,1
421,422,Undirected,1207,1207,1
421,690,Undirected,1208,1208,1
421,691,Undirected,1209,1209,1
422,139,Undirected,1210,1210,1
422,421,Undirected,1211,1211,1
422,683,Undirected,1212,1212,1
423,139,Undirected,1213,1213,1
423,173,Undirected,1214,1214,1
424,173,Undirected,1215,1215,1
424,232,Undirected,1216,1216,1
424,400,Undirected,1217,1217,1
424,425,Undirected,1218,1218,1
424,712,Undirected,1219,1219,1
425,424,Undirected,1220,1220,1
425,426,Undirected,1221,1221,1
426,425,Undirected,1222,1222,1
426,427,Undirected,1223,1223,1
427,233,Undirected,1224,1224,1
427,426,Undirected,1225,1225,1
428,233,Undirected,1226,1226,1
428,429,Undirected,1227,1227,1
428,732,Undirected,1228,1228,1
428,733,Undirected,1229,1229,1
429,428,Undirected,1230,1230,1
429,430,Undirected,1231,1231,1
429,732,Undirected,1232,1232,1
429,1016,Undirected,1233,1233,1
430,429,Undirected,1234,1234,1
430,431,Undirected,1235,1235,1
431,430,Undirected,1236,1236,1
431,432,Undirected,1237,1237,1
432,431,Undirected,1238,1238,1
432,433,Undirected,1239,1239,1
432,465,Undirected,1240,1240,1
432,1019,Undirected,1241,1241,1
433,280,Undirected,1242,1242,1
433,432,Undirected,1243,1243,1
433,434,Undirected,1244,1244,1
433,1020,Undirected,1245,1245,1
434,280,Undirected,1246,1246,1
434,433,Undirected,1247,1247,1
434,468,Undirected,1248,1248,1
435,292,Undirected,1249,1249,1
435,312,Undirected,1250,1250,1
436,321,Undirected,1251,1251,1
436,437,Undirected,1252,1252,1
437,436,Undirected,1253,1253,1
437,438,Undirected,1254,1254,1
438,437,Undirected,1255,1255,1
438,439,Undirected,1256,1256,1
439,438,Undirected,1257,1257,1
439,440,Undirected,1258,1258,1
439,523,Undirected,1259,1259,1
439,950,Undirected,1260,1260,1
440,439,Undirected,1261,1261,1
440,441,Undirected,1262,1262,1
440,527,Undirected,1263,1263,1
440,528,Undirected,1264,1264,1
440,950,Undirected,1265,1265,1
441,440,Undirected,1266,1266,1
441,442,Undirected,1267,1267,1
442,441,Undirected,1268,1268,1
442,443,Undirected,1269,1269,1
442,953,Undirected,1270,1270,1
443,337,Undirected,1271,1271,1
443,442,Undirected,1272,1272,1
444,336,Undirected,1273,1273,1
444,347,Undirected,1274,1274,1
445,346,Undirected,1275,1275,1
445,446,Undirected,1276,1276,1
445,969,Undirected,1277,1277,1
446,445,Undirected,1278,1278,1
446,447,Undirected,1279,1279,1
447,446,Undirected,1280,1280,1
447,448,Undirected,1281,1281,1
448,447,Undirected,1282,1282,1
448,449,Undirected,1283,1283,1
448,973,Undirected,1284,1284,1
449,353,Undirected,1285,1285,1
449,448,Undirected,1286,1286,1
450,353,Undirected,1287,1287,1
450,451,Undirected,1288,1288,1
451,450,Undirected,1289,1289,1
452,402,Undirected,1290,1290,1
452,453,Undirected,1291,1291,1
453,7,Undirected,1292,1292,1
453,452,Undirected,1293,1293,1
453,478,Undirected,1294,1294,1
453,479,Undirected,1295,1295,1
453,885,Undirected,1296,1296,1
454,7,Undirected,1297,1297,1
454,43,Undirected,1298,1298,1
454,874,Undirected,1299,1299,1
454,881,Undirected,1300,1300,1
454,885,Undirected,1301,1301,1
455,43,Undirected,1302,1302,1
455,456,Undirected,1303,1303,1
455,882,Undirected,1304,1304,1
456,70,Undirected,1305,1305,1
456,455,Undirected,1306,1306,1
456,457,Undirected,1307,1307,1
457,106,Undirected,1308,1308,1
457,456,Undirected,1309,1309,1
458,106,Undirected,1310,1310,1
458,459,Undirected,1311,1311,1
459,141,Undirected,1312,1312,1
459,458,Undirected,1313,1313,1
459,687,Undirected,1314,1314,1
459,688,Undirected,1315,1315,1
459,694,Undirected,1316,1316,1
460,180,Undirected,1317,1317,1
460,461,Undirected,1318,1318,1
460,1045,Undirected,1319,1319,1
461,460,Undirected,1320,1320,1
461,462,Undirected,1321,1321,1
461,1018,Undirected,1322,1322,1
462,461,Undirected,1323,1323,1
462,463,Undirected,1324,1324,1
462,464,Undirected,1325,1325,1
462,717,Undirected,1326,1326,1
462,735,Undirected,1327,1327,1
463,462,Undirected,1328,1328,1
463,464,Undirected,1329,1329,1
464,462,Undirected,1330,1330,1
464,463,Undirected,1331,1331,1
464,465,Undirected,1332,1332,1
464,1047,Undirected,1333,1333,1
465,432,Undirected,1334,1334,1
465,464,Undirected,1335,1335,1
465,466,Undirected,1336,1336,1
465,748,Undirected,1337,1337,1
466,259,Undirected,1338,1338,1
466,465,Undirected,1339,1339,1
467,259,Undirected,1340,1340,1
467,468,Undirected,1341,1341,1
468,434,Undirected,1342,1342,1
468,467,Undirected,1343,1343,1
468,469,Undirected,1344,1344,1
468,1067,Undirected,1345,1345,1
469,468,Undirected,1346,1346,1
469,470,Undirected,1347,1347,1
470,469,Undirected,1348,1348,1
470,471,Undirected,1349,1349,1
470,896,Undirected,1350,1350,1
470,1068,Undirected,1351,1351,1
471,470,Undirected,1352,1352,1
471,472,Undirected,1353,1353,1
472,471,Undirected,1354,1354,1
472,473,Undirected,1355,1355,1
473,472,Undirected,1356,1356,1
473,474,Undirected,1357,1357,1
473,899,Undirected,1358,1358,1
474,299,Undirected,1359,1359,1
474,473,Undirected,1360,1360,1
475,402,Undirected,1361,1361,1
475,476,Undirected,1362,1362,1
476,475,Undirected,1363,1363,1
476,477,Undirected,1364,1364,1
477,476,Undirected,1365,1365,1
477,478,Undirected,1366,1366,1
477,900,Undirected,1367,1367,1
478,453,Undirected,1368,1368,1
478,477,Undirected,1369,1369,1
478,479,Undirected,1370,1370,1
479,8,Undirected,1371,1371,1
479,453,Undirected,1372,1372,1
479,478,Undirected,1373,1373,1
479,620,Undirected,1374,1374,1
480,8,Undirected,1375,1375,1
480,481,Undirected,1376,1376,1
481,480,Undirected,1377,1377,1
481,482,Undirected,1378,1378,1
482,481,Undirected,1379,1379,1
482,483,Undirected,1380,1380,1
482,628,Undirected,1381,1381,1
483,482,Undirected,1382,1382,1
483,484,Undirected,1383,1383,1
484,483,Undirected,1384,1384,1
484,485,Undirected,1385,1385,1
485,46,Undirected,1386,1386,1
485,49,Undirected,1387,1387,1
485,484,Undirected,1388,1388,1
486,47,Undirected,1389,1389,1
486,75,Undirected,1390,1390,1
486,487,Undirected,1391,1391,1
487,486,Undirected,1392,1392,1
487,488,Undirected,1393,1393,1
487,672,Undirected,1394,1394,1
488,487,Undirected,1395,1395,1
488,489,Undirected,1396,1396,1
489,488,Undirected,1397,1397,1
489,490,Undirected,1398,1398,1
489,675,Undirected,1399,1399,1
490,489,Undirected,1400,1400,1
490,491,Undirected,1401,1401,1
490,674,Undirected,1402,1402,1
491,490,Undirected,1403,1403,1
491,492,Undirected,1404,1404,1
491,494,Undirected,1405,1405,1
491,495,Undirected,1406,1406,1
492,491,Undirected,1407,1407,1
492,493,Undirected,1408,1408,1
493,110,Undirected,1409,1409,1
493,492,Undirected,1410,1410,1
494,110,Undirected,1411,1411,1
494,491,Undirected,1412,1412,1
495,110,Undirected,1413,1413,1
495,491,Undirected,1414,1414,1
496,108,Undirected,1415,1415,1
496,144,Undirected,1416,1416,1
497,143,Undirected,1417,1417,1
497,144,Undirected,1418,1418,1
497,696,Undirected,1419,1419,1
497,893,Undirected,1420,1420,1
498,143,Undirected,1421,1421,1
498,499,Undirected,1422,1422,1
499,179,Undirected,1423,1423,1
499,180,Undirected,1424,1424,1
499,181,Undirected,1425,1425,1
499,498,Undirected,1426,1426,1
499,500,Undirected,1427,1427,1
499,689,Undirected,1428,1428,1
499,698,Undirected,1429,1429,1
500,499,Undirected,1430,1430,1
500,501,Undirected,1431,1431,1
501,236,Undirected,1432,1432,1
501,500,Undirected,1433,1433,1
502,236,Undirected,1434,1434,1
502,503,Undirected,1435,1435,1
503,502,Undirected,1436,1436,1
503,504,Undirected,1437,1437,1
503,1046,Undirected,1438,1438,1
504,503,Undirected,1439,1439,1
504,505,Undirected,1440,1440,1
504,737,Undirected,1441,1441,1
504,738,Undirected,1442,1442,1
504,749,Undirected,1443,1443,1
504,910,Undirected,1444,1444,1
505,504,Undirected,1445,1445,1
505,506,Undirected,1446,1446,1
505,750,Undirected,1447,1447,1
505,1052,Undirected,1448,1448,1
506,505,Undirected,1449,1449,1
506,507,Undirected,1450,1450,1
506,751,Undirected,1451,1451,1
507,506,Undirected,1452,1452,1
507,508,Undirected,1453,1453,1
508,507,Undirected,1454,1454,1
508,509,Undirected,1455,1455,1
508,752,Undirected,1456,1456,1
508,753,Undirected,1457,1457,1
508,1048,Undirected,1458,1458,1
509,265,Undirected,1459,1459,1
509,508,Undirected,1460,1460,1
509,1053,Undirected,1461,1461,1
510,264,Undirected,1462,1462,1
510,511,Undirected,1463,1463,1
510,758,Undirected,1464,1464,1
511,510,Undirected,1465,1465,1
511,512,Undirected,1466,1466,1
512,265,Undirected,1467,1467,1
512,511,Undirected,1468,1468,1
512,513,Undirected,1469,1469,1
512,554,Undirected,1470,1470,1
512,759,Undirected,1471,1471,1
513,512,Undirected,1472,1472,1
513,1095,Undirected,1473,1473,1
514,515,Undirected,1474,1474,1
514,558,Undirected,1475,1475,1
515,514,Undirected,1476,1476,1
515,516,Undirected,1477,1477,1
515,785,Undirected,1478,1478,1
516,515,Undirected,1479,1479,1
516,517,Undirected,1480,1480,1
516,1108,Undirected,1481,1481,1
517,516,Undirected,1482,1482,1
517,518,Undirected,1483,1483,1
518,517,Undirected,1484,1484,1
518,519,Undirected,1485,1485,1
519,304,Undirected,1486,1486,1
519,518,Undirected,1487,1487,1
520,304,Undirected,1488,1488,1
520,521,Undirected,1489,1489,1
521,520,Undirected,1490,1490,1
521,522,Undirected,1491,1491,1
522,316,Undirected,1492,1492,1
522,521,Undirected,1493,1493,1
523,328,Undirected,1494,1494,1
523,439,Undirected,1495,1495,1
523,524,Undirected,1496,1496,1
523,951,Undirected,1497,1497,1
524,523,Undirected,1498,1498,1
524,525,Undirected,1499,1499,1
525,524,Undirected,1500,1500,1
525,526,Undirected,1501,1501,1
526,525,Undirected,1502,1502,1
526,527,Undirected,1503,1503,1
527,440,Undirected,1504,1504,1
527,526,Undirected,1505,1505,1
528,440,Undirected,1506,1506,1
528,529,Undirected,1507,1507,1
529,528,Undirected,1508,1508,1
529,530,Undirected,1509,1509,1
530,529,Undirected,1510,1510,1
530,531,Undirected,1511,1511,1
531,339,Undirected,1512,1512,1
531,530,Undirected,1513,1513,1
532,339,Undirected,1514,1514,1
532,533,Undirected,1515,1515,1
532,959,Undirected,1516,1516,1
533,532,Undirected,1517,1517,1
533,534,Undirected,1518,1518,1
534,533,Undirected,1519,1519,1
534,956,Undirected,1520,1520,1
535,536,Undirected,1521,1521,1
535,591,Undirected,1522,1522,1
536,10,Undirected,1523,1523,1
536,535,Undirected,1524,1524,1
536,1139,Undirected,1525,1525,1
537,9,Undirected,1526,1526,1
537,23,Undirected,1527,1527,1
537,621,Undirected,1528,1528,1
537,622,Undirected,1529,1529,1
538,23,Undirected,1530,1530,1
538,51,Undirected,1531,1531,1
538,539,Undirected,1532,1532,1
538,1110,Undirected,1533,1533,1
539,538,Undirected,1534,1534,1
539,540,Undirected,1535,1535,1
540,54,Undirected,1536,1536,1
540,56,Undirected,1537,1537,1
540,81,Undirected,1538,1538,1
540,539,Undirected,1539,1539,1
540,1112,Undirected,1540,1540,1
541,56,Undirected,1541,1541,1
541,57,Undirected,1542,1542,1
541,81,Undirected,1543,1543,1
541,542,Undirected,1544,1544,1
542,81,Undirected,1545,1545,1
542,115,Undirected,1546,1546,1
542,541,Undirected,1547,1547,1
543,148,Undirected,1548,1548,1
543,190,Undirected,1549,1549,1
543,544,Undirected,1550,1550,1
543,545,Undirected,1551,1551,1
544,543,Undirected,1552,1552,1
544,545,Undirected,1553,1553,1
545,188,Undirected,1554,1554,1
545,543,Undirected,1555,1555,1
545,544,Undirected,1556,1556,1
545,699,Undirected,1557,1557,1
545,702,Undirected,1558,1558,1
546,188,Undirected,1559,1559,1
546,240,Undirected,1560,1560,1
547,240,Undirected,1561,1561,1
547,548,Undirected,1562,1562,1
548,547,Undirected,1563,1563,1
548,549,Undirected,1564,1564,1
548,910,Undirected,1565,1565,1
549,241,Undirected,1566,1566,1
549,548,Undirected,1567,1567,1
549,550,Undirected,1568,1568,1
550,549,Undirected,1569,1569,1
550,551,Undirected,1570,1570,1
550,741,Undirected,1571,1571,1
550,742,Undirected,1572,1572,1
550,753,Undirected,1573,1573,1
551,265,Undirected,1574,1574,1
551,550,Undirected,1575,1575,1
552,267,Undirected,1576,1576,1
552,553,Undirected,1577,1577,1
553,269,Undirected,1578,1578,1
553,552,Undirected,1579,1579,1
553,554,Undirected,1580,1580,1
554,512,Undirected,1581,1581,1
554,553,Undirected,1582,1582,1
554,760,Undirected,1583,1583,1
555,282,Undirected,1584,1584,1
555,556,Undirected,1585,1585,1
556,555,Undirected,1586,1586,1
556,557,Undirected,1587,1587,1
557,556,Undirected,1588,1588,1
557,558,Undirected,1589,1589,1
558,514,Undirected,1590,1590,1
558,557,Undirected,1591,1591,1
559,12,Undirected,1592,1592,1
559,560,Undirected,1593,1593,1
559,593,Undirected,1594,1594,1
559,594,Undirected,1595,1595,1
560,11,Undirected,1596,1596,1
560,559,Undirected,1597,1597,1
561,8,Undirected,1598,1598,1
561,9,Undirected,1599,1599,1
561,10,Undirected,1600,1600,1
561,27,Undirected,1601,1601,1
561,562,Undirected,1602,1602,1
562,57,Undirected,1603,1603,1
562,561,Undirected,1604,1604,1
562,911,Undirected,1605,1605,1
563,241,Undirected,1606,1606,1
563,564,Undirected,1607,1607,1
563,745,Undirected,1608,1608,1
563,746,Undirected,1609,1609,1
563,1154,Undirected,1610,1610,1
564,563,Undirected,1611,1611,1
564,565,Undirected,1612,1612,1
565,564,Undirected,1613,1613,1
565,566,Undirected,1614,1614,1
566,565,Undirected,1615,1615,1
566,567,Undirected,1616,1616,1
566,580,Undirected,1617,1617,1
567,566,Undirected,1618,1618,1
567,568,Undirected,1619,1619,1
567,775,Undirected,1620,1620,1
568,567,Undirected,1621,1621,1
568,569,Undirected,1622,1622,1
569,568,Undirected,1623,1623,1
569,570,Undirected,1624,1624,1
570,569,Undirected,1625,1625,1
570,571,Undirected,1626,1626,1
571,570,Undirected,1627,1627,1
572,128,Undirected,1628,1628,1
572,573,Undirected,1629,1629,1
573,125,Undirected,1630,1630,1
573,572,Undirected,1631,1631,1
574,575,Undirected,1632,1632,1
575,574,Undirected,1633,1633,1
575,576,Undirected,1634,1634,1
575,1150,Undirected,1635,1635,1
576,156,Undirected,1636,1636,1
576,157,Undirected,1637,1637,1
576,575,Undirected,1638,1638,1
577,158,Undirected,1639,1639,1
577,203,Undirected,1640,1640,1
577,931,Undirected,1641,1641,1
577,1164,Undirected,1642,1642,1
578,276,Undirected,1643,1643,1
578,766,Undirected,1644,1644,1
578,767,Undirected,1645,1645,1
579,580,Undirected,1646,1646,1
580,566,Undirected,1647,1647,1
580,579,Undirected,1648,1648,1
580,581,Undirected,1649,1649,1
580,1155,Undirected,1650,1650,1
581,580,Undirected,1651,1651,1
581,582,Undirected,1652,1652,1
581,775,Undirected,1653,1653,1
581,928,Undirected,1654,1654,1
582,581,Undirected,1655,1655,1
582,583,Undirected,1656,1656,1
583,582,Undirected,1657,1657,1
583,584,Undirected,1658,1658,1
584,583,Undirected,1659,1659,1
584,585,Undirected,1660,1660,1
585,584,Undirected,1661,1661,1
586,587,Undirected,1662,1662,1
587,586,Undirected,1663,1663,1
587,588,Undirected,1664,1664,1
587,812,Undirected,1665,1665,1
587,820,Undirected,1666,1666,1
588,587,Undirected,1667,1667,1
588,589,Undirected,1668,1668,1
589,588,Undirected,1669,1669,1
589,590,Undirected,1670,1670,1
590,367,Undirected,1671,1671,1
590,589,Undirected,1672,1672,1
591,535,Undirected,1673,1673,1
591,592,Undirected,1674,1674,1
592,591,Undirected,1675,1675,1
592,593,Undirected,1676,1676,1
593,559,Undirected,1677,1677,1
593,592,Undirected,1678,1678,1
593,918,Undirected,1679,1679,1
594,559,Undirected,1680,1680,1
594,595,Undirected,1681,1681,1
595,594,Undirected,1682,1682,1
595,596,Undirected,1683,1683,1
596,13,Undirected,1684,1684,1
596,595,Undirected,1685,1685,1
597,598,Undirected,1686,1686,1
597,884,Undirected,1687,1687,1
598,597,Undirected,1688,1688,1
598,1072,Undirected,1689,1689,1
598,1073,Undirected,1690,1690,1
599,164,Undirected,1691,1691,1
600,93,Undirected,1692,1692,1
600,601,Undirected,1693,1693,1
600,819,Undirected,1694,1694,1
600,829,Undirected,1695,1695,1
600,830,Undirected,1696,1696,1
601,600,Undirected,1697,1697,1
601,602,Undirected,1698,1698,1
602,601,Undirected,1699,1699,1
602,603,Undirected,1700,1700,1
603,602,Undirected,1701,1701,1
603,604,Undirected,1702,1702,1
603,985,Undirected,1703,1703,1
604,90,Undirected,1704,1704,1
604,603,Undirected,1705,1705,1
604,605,Undirected,1706,1706,1
604,634,Undirected,1707,1707,1
605,604,Undirected,1708,1708,1
605,606,Undirected,1709,1709,1
606,605,Undirected,1710,1710,1
606,607,Undirected,1711,1711,1
607,606,Undirected,1712,1712,1
607,608,Undirected,1713,1713,1
608,607,Undirected,1714,1714,1
608,609,Undirected,1715,1715,1
608,800,Undirected,1716,1716,1
609,608,Undirected,1717,1717,1
609,610,Undirected,1718,1718,1
610,609,Undirected,1719,1719,1
611,361,Undirected,1720,1720,1
612,361,Undirected,1721,1721,1
612,613,Undirected,1722,1722,1
613,612,Undirected,1723,1723,1
613,614,Undirected,1724,1724,1
614,613,Undirected,1725,1725,1
614,615,Undirected,1726,1726,1
614,716,Undirected,1727,1727,1
615,614,Undirected,1728,1728,1
615,616,Undirected,1729,1729,1
616,217,Undirected,1730,1730,1
616,615,Undirected,1731,1731,1
617,618,Undirected,1732,1732,1
618,617,Undirected,1733,1733,1
618,619,Undirected,1734,1734,1
619,618,Undirected,1735,1735,1
619,1139,Undirected,1736,1736,1
620,479,Undirected,1737,1737,1
620,621,Undirected,1738,1738,1
621,537,Undirected,1739,1739,1
621,620,Undirected,1740,1740,1
622,537,Undirected,1741,1741,1
623,370,Undirected,1742,1742,1
623,624,Undirected,1743,1743,1
623,841,Undirected,1744,1744,1
624,623,Undirected,1745,1745,1
624,625,Undirected,1746,1746,1
625,624,Undirected,1747,1747,1
625,626,Undirected,1748,1748,1
626,625,Undirected,1749,1749,1
626,627,Undirected,1750,1750,1
627,19,Undirected,1751,1751,1
627,626,Undirected,1752,1752,1
628,37,Undirected,1753,1753,1
628,39,Undirected,1754,1754,1
628,482,Undirected,1755,1755,1
628,862,Undirected,1756,1756,1
629,49,Undirected,1757,1757,1
629,50,Undirected,1758,1758,1
629,53,Undirected,1759,1759,1
629,902,Undirected,1760,1760,1
630,69,Undirected,1761,1761,1
631,36,Undirected,1762,1762,1
632,83,Undirected,1763,1763,1
633,69,Undirected,1764,1764,1
633,100,Undirected,1765,1765,1
633,842,Undirected,1766,1766,1
633,991,Undirected,1767,1767,1
633,992,Undirected,1768,1768,1
634,604,Undirected,1769,1769,1
634,635,Undirected,1770,1770,1
635,634,Undirected,1771,1771,1
635,636,Undirected,1772,1772,1
636,635,Undirected,1773,1773,1
636,637,Undirected,1774,1774,1
637,636,Undirected,1775,1775,1
637,638,Undirected,1776,1776,1
638,637,Undirected,1777,1777,1
638,639,Undirected,1778,1778,1
639,638,Undirected,1779,1779,1
639,640,Undirected,1780,1780,1
640,639,Undirected,1781,1781,1
641,642,Undirected,1782,1782,1
642,641,Undirected,1783,1783,1
642,643,Undirected,1784,1784,1
643,642,Undirected,1785,1785,1
643,644,Undirected,1786,1786,1
643,984,Undirected,1787,1787,1
644,643,Undirected,1788,1788,1
644,645,Undirected,1789,1789,1
645,644,Undirected,1790,1790,1
646,647,Undirected,1791,1791,1
647,646,Undirected,1792,1792,1
647,648,Undirected,1793,1793,1
648,647,Undirected,1794,1794,1
649,650,Undirected,1795,1795,1
650,649,Undirected,1796,1796,1
650,651,Undirected,1797,1797,1
651,650,Undirected,1798,1798,1
651,652,Undirected,1799,1799,1
651,813,Undirected,1800,1800,1
652,651,Undirected,1801,1801,1
653,654,Undirected,1802,1802,1
654,653,Undirected,1803,1803,1
654,655,Undirected,1804,1804,1
655,654,Undirected,1805,1805,1
655,656,Undirected,1806,1806,1
656,655,Undirected,1807,1807,1
657,658,Undirected,1808,1808,1
658,657,Undirected,1809,1809,1
658,659,Undirected,1810,1810,1
659,658,Undirected,1811,1811,1
659,660,Undirected,1812,1812,1
660,659,Undirected,1813,1813,1
660,661,Undirected,1814,1814,1
661,660,Undirected,1815,1815,1
661,662,Undirected,1816,1816,1
662,661,Undirected,1817,1817,1
662,663,Undirected,1818,1818,1
663,662,Undirected,1819,1819,1
663,664,Undirected,1820,1820,1
664,663,Undirected,1821,1821,1
664,665,Undirected,1822,1822,1
665,664,Undirected,1823,1823,1
665,824,Undirected,1824,1824,1
666,667,Undirected,1825,1825,1
667,666,Undirected,1826,1826,1
667,668,Undirected,1827,1827,1
668,95,Undirected,1828,1828,1
668,667,Undirected,1829,1829,1
669,68,Undirected,1830,1830,1
669,103,Undirected,1831,1831,1
669,397,Undirected,1832,1832,1
669,416,Undirected,1833,1833,1
670,70,Undirected,1834,1834,1
670,105,Undirected,1835,1835,1
670,416,Undirected,1836,1836,1
671,72,Undirected,1837,1837,1
671,105,Undirected,1838,1838,1
671,672,Undirected,1839,1839,1
671,673,Undirected,1840,1840,1
672,487,Undirected,1841,1841,1
672,671,Undirected,1842,1842,1
673,105,Undirected,1843,1843,1
673,107,Undirected,1844,1844,1
673,671,Undirected,1845,1845,1
673,674,Undirected,1846,1846,1
674,107,Undirected,1847,1847,1
674,490,Undirected,1848,1848,1
674,673,Undirected,1849,1849,1
674,890,Undirected,1850,1850,1
675,489,Undirected,1851,1851,1
675,676,Undirected,1852,1852,1
676,675,Undirected,1853,1853,1
676,677,Undirected,1854,1854,1
677,77,Undirected,1855,1855,1
677,676,Undirected,1856,1856,1
678,133,Undirected,1857,1857,1
679,680,Undirected,1858,1858,1
680,679,Undirected,1859,1859,1
680,681,Undirected,1860,1860,1
681,100,Undirected,1861,1861,1
681,136,Undirected,1862,1862,1
681,680,Undirected,1863,1863,1
682,399,Undirected,1864,1864,1
682,683,Undirected,1865,1865,1
682,1026,Undirected,1866,1866,1
683,422,Undirected,1867,1867,1
683,682,Undirected,1868,1868,1
683,684,Undirected,1869,1869,1
683,692,Undirected,1870,1870,1
684,683,Undirected,1871,1871,1
684,685,Undirected,1872,1872,1
685,684,Undirected,1873,1873,1
685,686,Undirected,1874,1874,1
686,685,Undirected,1875,1875,1
686,687,Undirected,1876,1876,1
686,887,Undirected,1877,1877,1
687,141,Undirected,1878,1878,1
687,459,Undirected,1879,1879,1
687,686,Undirected,1880,1880,1
687,1030,Undirected,1881,1881,1
688,459,Undirected,1882,1882,1
688,689,Undirected,1883,1883,1
688,1043,Undirected,1884,1884,1
689,499,Undirected,1885,1885,1
689,688,Undirected,1886,1886,1
690,137,Undirected,1887,1887,1
690,421,Undirected,1888,1888,1
691,421,Undirected,1889,1889,1
691,692,Undirected,1890,1890,1
692,683,Undirected,1891,1891,1
692,691,Undirected,1892,1892,1
692,693,Undirected,1893,1893,1
693,106,Undirected,1894,1894,1
693,692,Undirected,1895,1895,1
693,886,Undirected,1896,1896,1
693,887,Undirected,1897,1897,1
694,459,Undirected,1898,1898,1
694,695,Undirected,1899,1899,1
695,107,Undirected,1900,1900,1
695,694,Undirected,1901,1901,1
696,497,Undirected,1902,1902,1
696,697,Undirected,1903,1903,1
696,1081,Undirected,1904,1904,1
697,696,Undirected,1905,1905,1
697,698,Undirected,1906,1906,1
698,499,Undirected,1907,1907,1
698,697,Undirected,1908,1908,1
698,699,Undirected,1909,1909,1
698,700,Undirected,1910,1910,1
698,907,Undirected,1911,1911,1
698,908,Undirected,1912,1912,1
699,188,Undirected,1913,1913,1
699,545,Undirected,1914,1914,1
699,698,Undirected,1915,1915,1
699,700,Undirected,1916,1916,1
700,698,Undirected,1917,1917,1
700,699,Undirected,1918,1918,1
701,145,Undirected,1919,1919,1
701,702,Undirected,1920,1920,1
702,545,Undirected,1921,1921,1
702,701,Undirected,1922,1922,1
702,1082,Undirected,1923,1923,1
703,221,Undirected,1924,1924,1
703,704,Undirected,1925,1925,1
704,703,Undirected,1926,1926,1
704,705,Undirected,1927,1927,1
705,704,Undirected,1928,1928,1
705,706,Undirected,1929,1929,1
706,705,Undirected,1930,1930,1
706,707,Undirected,1931,1931,1
707,706,Undirected,1932,1932,1
707,708,Undirected,1933,1933,1
708,225,Undirected,1934,1934,1
708,707,Undirected,1935,1935,1
709,225,Undirected,1936,1936,1
709,710,Undirected,1937,1937,1
709,809,Undirected,1938,1938,1
709,811,Undirected,1939,1939,1
710,709,Undirected,1940,1940,1
710,810,Undirected,1941,1941,1
711,253,Undirected,1942,1942,1
711,278,Undirected,1943,1943,1
711,377,Undirected,1944,1944,1
711,728,Undirected,1945,1945,1
711,845,Undirected,1946,1946,1
711,846,Undirected,1947,1947,1
712,424,Undirected,1948,1948,1
712,713,Undirected,1949,1949,1
713,712,Undirected,1950,1950,1
713,714,Undirected,1951,1951,1
714,713,Undirected,1952,1952,1
714,715,Undirected,1953,1953,1
715,141,Undirected,1954,1954,1
715,177,Undirected,1955,1955,1
715,714,Undirected,1956,1956,1
715,1031,Undirected,1957,1957,1
716,614,Undirected,1958,1958,1
717,236,Undirected,1959,1959,1
717,462,Undirected,1960,1960,1
717,736,Undirected,1961,1961,1
718,186,Undirected,1962,1962,1
718,236,Undirected,1963,1963,1
719,189,Undirected,1964,1964,1
719,191,Undirected,1965,1965,1
720,236,Undirected,1966,1966,1
720,721,Undirected,1967,1967,1
721,720,Undirected,1968,1968,1
721,722,Undirected,1969,1969,1
722,721,Undirected,1970,1970,1
722,723,Undirected,1971,1971,1
722,1092,Undirected,1972,1972,1
723,722,Undirected,1973,1973,1
723,724,Undirected,1974,1974,1
724,723,Undirected,1975,1975,1
724,725,Undirected,1976,1976,1
725,724,Undirected,1977,1977,1
725,726,Undirected,1978,1978,1
725,1091,Undirected,1979,1979,1
725,1116,Undirected,1980,1980,1
726,725,Undirected,1981,1981,1
726,727,Undirected,1982,1982,1
727,726,Undirected,1983,1983,1
728,711,Undirected,1984,1984,1
728,729,Undirected,1985,1985,1
728,1009,Undirected,1986,1986,1
728,1010,Undirected,1987,1987,1
729,728,Undirected,1988,1988,1
729,730,Undirected,1989,1989,1
729,859,Undirected,1990,1990,1
730,229,Undirected,1991,1991,1
730,729,Undirected,1992,1992,1
731,229,Undirected,1993,1993,1
731,401,Undirected,1994,1994,1
732,401,Undirected,1995,1995,1
732,428,Undirected,1996,1996,1
732,429,Undirected,1997,1997,1
733,428,Undirected,1998,1998,1
733,734,Undirected,1999,1999,1
734,733,Undirected,2000,2000,1
734,735,Undirected,2001,2001,1
735,181,Undirected,2002,2002,1
735,236,Undirected,2003,2003,1
735,462,Undirected,2004,2004,1
735,734,Undirected,2005,2005,1
736,717,Undirected,2006,2006,1
736,737,Undirected,2007,2007,1
737,504,Undirected,2008,2008,1
737,736,Undirected,2009,2009,1
738,504,Undirected,2010,2010,1
738,739,Undirected,2011,2011,1
739,738,Undirected,2012,2012,1
739,740,Undirected,2013,2013,1
739,752,Undirected,2014,2014,1
739,910,Undirected,2015,2015,1
740,739,Undirected,2016,2016,1
740,741,Undirected,2017,2017,1
741,550,Undirected,2018,2018,1
741,740,Undirected,2019,2019,1
742,550,Undirected,2020,2020,1
743,744,Undirected,2021,2021,1
744,743,Undirected,2022,2022,1
744,745,Undirected,2023,2023,1
745,563,Undirected,2024,2024,1
745,744,Undirected,2025,2025,1
745,755,Undirected,2026,2026,1
746,563,Undirected,2027,2027,1
746,747,Undirected,2028,2028,1
747,246,Undirected,2029,2029,1
747,746,Undirected,2030,2030,1
748,262,Undirected,2031,2031,1
748,465,Undirected,2032,2032,1
748,749,Undirected,2033,2033,1
749,504,Undirected,2034,2034,1
749,748,Undirected,2035,2035,1
749,750,Undirected,2036,2036,1
750,505,Undirected,2037,2037,1
750,749,Undirected,2038,2038,1
751,506,Undirected,2039,2039,1
751,752,Undirected,2040,2040,1
752,508,Undirected,2041,2041,1
752,739,Undirected,2042,2042,1
752,751,Undirected,2043,2043,1
752,753,Undirected,2044,2044,1
753,265,Undirected,2045,2045,1
753,508,Undirected,2046,2046,1
753,550,Undirected,2047,2047,1
753,752,Undirected,2048,2048,1
754,268,Undirected,2049,2049,1
754,755,Undirected,2050,2050,1
755,745,Undirected,2051,2051,1
755,754,Undirected,2052,2052,1
756,281,Undirected,2053,2053,1
756,757,Undirected,2054,2054,1
757,756,Undirected,2055,2055,1
757,758,Undirected,2056,2056,1
758,510,Undirected,2057,2057,1
758,757,Undirected,2058,2058,1
758,759,Undirected,2059,2059,1
758,1069,Undirected,2060,2060,1
759,512,Undirected,2061,2061,1
759,758,Undirected,2062,2062,1
760,270,Undirected,2063,2063,1
760,554,Undirected,2064,2064,1
760,761,Undirected,2065,2065,1
761,760,Undirected,2066,2066,1
761,762,Undirected,2067,2067,1
762,761,Undirected,2068,2068,1
762,763,Undirected,2069,2069,1
763,762,Undirected,2070,2070,1
763,764,Undirected,2071,2071,1
764,763,Undirected,2072,2072,1
764,765,Undirected,2073,2073,1
765,764,Undirected,2074,2074,1
765,766,Undirected,2075,2075,1
766,578,Undirected,2076,2076,1
766,765,Undirected,2077,2077,1
766,922,Undirected,2078,2078,1
767,578,Undirected,2079,2079,1
767,768,Undirected,2080,2080,1
768,767,Undirected,2081,2081,1
768,769,Undirected,2082,2082,1
768,935,Undirected,2083,2083,1
768,1156,Undirected,2084,2084,1
768,1157,Undirected,2085,2085,1
769,768,Undirected,2086,2086,1
769,770,Undirected,2087,2087,1
770,769,Undirected,2088,2088,1
770,771,Undirected,2089,2089,1
771,770,Undirected,2090,2090,1
771,772,Undirected,2091,2091,1
772,771,Undirected,2092,2092,1
772,773,Undirected,2093,2093,1
773,772,Undirected,2094,2094,1
773,774,Undirected,2095,2095,1
774,773,Undirected,2096,2096,1
775,567,Undirected,2097,2097,1
775,581,Undirected,2098,2098,1
776,777,Undirected,2099,2099,1
777,776,Undirected,2100,2100,1
777,778,Undirected,2101,2101,1
778,777,Undirected,2102,2102,1
778,779,Undirected,2103,2103,1
779,778,Undirected,2104,2104,1
779,780,Undirected,2105,2105,1
780,779,Undirected,2106,2106,1
781,782,Undirected,2107,2107,1
781,897,Undirected,2108,2108,1
781,898,Undirected,2109,2109,1
782,298,Undirected,2110,2110,1
782,781,Undirected,2111,2111,1
783,298,Undirected,2112,2112,1
783,784,Undirected,2113,2113,1
784,783,Undirected,2114,2114,1
784,785,Undirected,2115,2115,1
785,515,Undirected,2116,2116,1
785,784,Undirected,2117,2117,1
786,787,Undirected,2118,2118,1
787,786,Undirected,2119,2119,1
787,788,Undirected,2120,2120,1
788,787,Undirected,2121,2121,1
788,789,Undirected,2122,2122,1
789,788,Undirected,2123,2123,1
789,790,Undirected,2124,2124,1
790,789,Undirected,2125,2125,1
790,791,Undirected,2126,2126,1
791,790,Undirected,2127,2127,1
791,792,Undirected,2128,2128,1
792,791,Undirected,2129,2129,1
792,949,Undirected,2130,2130,1
793,373,Undirected,2131,2131,1
793,794,Undirected,2132,2132,1
794,793,Undirected,2133,2133,1
794,795,Undirected,2134,2134,1
795,794,Undirected,2135,2135,1
795,796,Undirected,2136,2136,1
795,844,Undirected,2137,2137,1
796,376,Undirected,2138,2138,1
796,795,Undirected,2139,2139,1
797,376,Undirected,2140,2140,1
797,798,Undirected,2141,2141,1
798,90,Undirected,2142,2142,1
798,797,Undirected,2143,2143,1
798,799,Undirected,2144,2144,1
799,798,Undirected,2145,2145,1
799,800,Undirected,2146,2146,1
800,364,Undirected,2147,2147,1
800,608,Undirected,2148,2148,1
800,799,Undirected,2149,2149,1
801,364,Undirected,2150,2150,1
801,802,Undirected,2151,2151,1
802,223,Undirected,2152,2152,1
802,801,Undirected,2153,2153,1
802,807,Undirected,2154,2154,1
803,804,Undirected,2155,2155,1
804,803,Undirected,2156,2156,1
804,805,Undirected,2157,2157,1
805,804,Undirected,2158,2158,1
805,806,Undirected,2159,2159,1
806,805,Undirected,2160,2160,1
806,807,Undirected,2161,2161,1
807,802,Undirected,2162,2162,1
807,806,Undirected,2163,2163,1
808,224,Undirected,2164,2164,1
808,809,Undirected,2165,2165,1
809,709,Undirected,2166,2166,1
809,808,Undirected,2167,2167,1
809,810,Undirected,2168,2168,1
810,710,Undirected,2169,2169,1
810,809,Undirected,2170,2170,1
811,228,Undirected,2171,2171,1
811,709,Undirected,2172,2172,1
812,587,Undirected,2173,2173,1
813,651,Undirected,2174,2174,1
813,814,Undirected,2175,2175,1
814,813,Undirected,2176,2176,1
814,815,Undirected,2177,2177,1
815,814,Undirected,2178,2178,1
815,816,Undirected,2179,2179,1
816,815,Undirected,2180,2180,1
816,817,Undirected,2181,2181,1
817,816,Undirected,2182,2182,1
817,818,Undirected,2183,2183,1
818,817,Undirected,2184,2184,1
818,819,Undirected,2185,2185,1
819,600,Undirected,2186,2186,1
819,818,Undirected,2187,2187,1
820,587,Undirected,2188,2188,1
821,822,Undirected,2189,2189,1
822,821,Undirected,2190,2190,1
822,823,Undirected,2191,2191,1
823,18,Undirected,2192,2192,1
823,822,Undirected,2193,2193,1
824,665,Undirected,2194,2194,1
824,825,Undirected,2195,2195,1
825,824,Undirected,2196,2196,1
825,826,Undirected,2197,2197,1
826,825,Undirected,2198,2198,1
826,827,Undirected,2199,2199,1
827,826,Undirected,2200,2200,1
827,828,Undirected,2201,2201,1
828,827,Undirected,2202,2202,1
828,829,Undirected,2203,2203,1
829,600,Undirected,2204,2204,1
829,828,Undirected,2205,2205,1
829,983,Undirected,2206,2206,1
830,600,Undirected,2207,2207,1
830,831,Undirected,2208,2208,1
831,375,Undirected,2209,2209,1
831,830,Undirected,2210,2210,1
832,375,Undirected,2211,2211,1
832,833,Undirected,2212,2212,1
833,832,Undirected,2213,2213,1
834,228,Undirected,2214,2214,1
835,228,Undirected,2215,2215,1
835,836,Undirected,2216,2216,1
836,835,Undirected,2217,2217,1
836,837,Undirected,2218,2218,1
837,277,Undirected,2219,2219,1
837,836,Undirected,2220,2220,1
838,839,Undirected,2221,2221,1
839,838,Undirected,2222,2222,1
839,840,Undirected,2223,2223,1
840,369,Undirected,2224,2224,1
840,839,Undirected,2225,2225,1
841,623,Undirected,2226,2226,1
842,64,Undirected,2227,2227,1
842,633,Undirected,2228,2228,1
842,987,Undirected,2229,2229,1
843,136,Undirected,2230,2230,1
843,993,Undirected,2231,2231,1
844,164,Undirected,2232,2232,1
844,795,Undirected,2233,2233,1
845,711,Undirected,2234,2234,1
846,711,Undirected,2235,2235,1
846,847,Undirected,2236,2236,1
846,996,Undirected,2237,2237,1
846,997,Undirected,2238,2238,1
847,284,Undirected,2239,2239,1
847,846,Undirected,2240,2240,1
848,284,Undirected,2241,2241,1
848,849,Undirected,2242,2242,1
849,848,Undirected,2243,2243,1
849,850,Undirected,2244,2244,1
850,849,Undirected,2245,2245,1
850,851,Undirected,2246,2246,1
851,407,Undirected,2247,2247,1
851,850,Undirected,2248,2248,1
851,852,Undirected,2249,2249,1
852,851,Undirected,2250,2250,1
852,853,Undirected,2251,2251,1
853,852,Undirected,2252,2252,1
853,854,Undirected,2253,2253,1
854,341,Undirected,2254,2254,1
854,853,Undirected,2255,2255,1
855,4,Undirected,2256,2256,1
855,390,Undirected,2257,2257,1
856,168,Undirected,2258,2258,1
856,857,Undirected,2259,2259,1
857,856,Undirected,2260,2260,1
857,858,Undirected,2261,2261,1
858,229,Undirected,2262,2262,1
858,857,Undirected,2263,2263,1
859,729,Undirected,2264,2264,1
859,860,Undirected,2265,2265,1
860,254,Undirected,2266,2266,1
860,859,Undirected,2267,2267,1
861,389,Undirected,2268,2268,1
862,409,Undirected,2269,2269,1
862,628,Undirected,2270,2270,1
862,1027,Undirected,2271,2271,1
863,37,Undirected,2272,2272,1
863,68,Undirected,2273,2273,1
864,138,Undirected,2274,2274,1
864,173,Undirected,2275,2275,1
865,287,Undirected,2276,2276,1
865,297,Undirected,2277,2277,1
866,297,Undirected,2278,2278,1
866,320,Undirected,2279,2279,1
867,320,Undirected,2280,2280,1
867,868,Undirected,2281,2281,1
868,867,Undirected,2282,2282,1
868,869,Undirected,2283,2283,1
869,868,Undirected,2284,2284,1
869,870,Undirected,2285,2285,1
870,335,Undirected,2286,2286,1
870,869,Undirected,2287,2287,1
871,872,Undirected,2288,2288,1
872,871,Undirected,2289,2289,1
872,873,Undirected,2290,2290,1
873,872,Undirected,2291,2291,1
873,874,Undirected,2292,2292,1
874,454,Undirected,2293,2293,1
874,873,Undirected,2294,2294,1
874,875,Undirected,2295,2295,1
874,1028,Undirected,2296,2296,1
875,39,Undirected,2297,2297,1
875,874,Undirected,2298,2298,1
876,39,Undirected,2299,2299,1
876,42,Undirected,2300,2300,1
876,413,Undirected,2301,2301,1
876,877,Undirected,2302,2302,1
877,876,Undirected,2303,2303,1
877,878,Undirected,2304,2304,1
878,877,Undirected,2305,2305,1
878,879,Undirected,2306,2306,1
879,70,Undirected,2307,2307,1
879,878,Undirected,2308,2308,1
880,6,Undirected,2309,2309,1
880,881,Undirected,2310,2310,1
881,39,Undirected,2311,2311,1
881,42,Undirected,2312,2312,1
881,454,Undirected,2313,2313,1
881,880,Undirected,2314,2314,1
882,42,Undirected,2315,2315,1
882,455,Undirected,2316,2316,1
882,883,Undirected,2317,2317,1
883,416,Undirected,2318,2318,1
883,882,Undirected,2319,2319,1
884,597,Undirected,2320,2320,1
884,885,Undirected,2321,2321,1
884,1023,Undirected,2322,2322,1
885,22,Undirected,2323,2323,1
885,453,Undirected,2324,2324,1
885,454,Undirected,2325,2325,1
885,884,Undirected,2326,2326,1
886,693,Undirected,2327,2327,1
887,686,Undirected,2328,2328,1
887,693,Undirected,2329,2329,1
888,45,Undirected,2330,2330,1
888,72,Undirected,2331,2331,1
889,7,Undirected,2332,2332,1
889,46,Undirected,2333,2333,1
890,47,Undirected,2334,2334,1
890,674,Undirected,2335,2335,1
891,106,Undirected,2336,2336,1
891,892,Undirected,2337,2337,1
892,891,Undirected,2338,2338,1
892,893,Undirected,2339,2339,1
893,143,Undirected,2340,2340,1
893,497,Undirected,2341,2341,1
893,892,Undirected,2342,2342,1
893,1044,Undirected,2343,2343,1
894,262,Undirected,2344,2344,1
894,895,Undirected,2345,2345,1
894,1065,Undirected,2346,2346,1
894,1066,Undirected,2347,2347,1
895,894,Undirected,2348,2348,1
895,896,Undirected,2349,2349,1
896,281,Undirected,2350,2350,1
896,470,Undirected,2351,2351,1
896,895,Undirected,2352,2352,1
896,1064,Undirected,2353,2353,1
896,1069,Undirected,2354,2354,1
897,281,Undirected,2355,2355,1
897,781,Undirected,2356,2356,1
898,781,Undirected,2357,2357,1
898,899,Undirected,2358,2358,1
899,473,Undirected,2359,2359,1
899,898,Undirected,2360,2360,1
900,477,Undirected,2361,2361,1
900,901,Undirected,2362,2362,1
901,51,Undirected,2363,2363,1
901,900,Undirected,2364,2364,1
902,629,Undirected,2365,2365,1
902,903,Undirected,2366,2366,1
903,902,Undirected,2367,2367,1
903,904,Undirected,2368,2368,1
904,81,Undirected,2369,2369,1
904,903,Undirected,2370,2370,1
905,112,Undirected,2371,2371,1
905,906,Undirected,2372,2372,1
906,145,Undirected,2373,2373,1
906,905,Undirected,2374,2374,1
907,145,Undirected,2375,2375,1
907,698,Undirected,2376,2376,1
907,1082,Undirected,2377,2377,1
908,698,Undirected,2378,2378,1
908,909,Undirected,2379,2379,1
909,908,Undirected,2380,2380,1
910,237,Undirected,2381,2381,1
910,504,Undirected,2382,2382,1
910,548,Undirected,2383,2383,1
910,739,Undirected,2384,2384,1
911,562,Undirected,2385,2385,1
911,912,Undirected,2386,2386,1
912,56,Undirected,2387,2387,1
912,911,Undirected,2388,2388,1
913,914,Undirected,2389,2389,1
914,85,Undirected,2390,2390,1
914,913,Undirected,2391,2391,1
915,916,Undirected,2392,2392,1
916,915,Undirected,2393,2393,1
916,917,Undirected,2394,2394,1
917,152,Undirected,2395,2395,1
917,916,Undirected,2396,2396,1
918,593,Undirected,2397,2397,1
918,919,Undirected,2398,2398,1
918,1128,Undirected,2399,2399,1
918,1129,Undirected,2400,2400,1
919,918,Undirected,2401,2401,1
919,920,Undirected,2402,2402,1
919,1131,Undirected,2403,2403,1
920,919,Undirected,2404,2404,1
920,921,Undirected,2405,2405,1
921,920,Undirected,2406,2406,1
922,766,Undirected,2407,2407,1
922,923,Undirected,2408,2408,1
923,922,Undirected,2409,2409,1
924,925,Undirected,2410,2410,1
925,924,Undirected,2411,2411,1
925,926,Undirected,2412,2412,1
926,925,Undirected,2413,2413,1
926,927,Undirected,2414,2414,1
927,926,Undirected,2415,2415,1
928,581,Undirected,2416,2416,1
928,929,Undirected,2417,2417,1
929,928,Undirected,2418,2418,1
929,930,Undirected,2419,2419,1
930,929,Undirected,2420,2420,1
931,204,Undirected,2421,2421,1
931,577,Undirected,2422,2422,1
932,204,Undirected,2423,2423,1
933,211,Undirected,2424,2424,1
933,934,Undirected,2425,2425,1
934,933,Undirected,2426,2426,1
935,768,Undirected,2427,2427,1
935,936,Undirected,2428,2428,1
936,935,Undirected,2429,2429,1
936,937,Undirected,2430,2430,1
937,936,Undirected,2431,2431,1
938,939,Undirected,2432,2432,1
939,938,Undirected,2433,2433,1
939,940,Undirected,2434,2434,1
940,939,Undirected,2435,2435,1
940,941,Undirected,2436,2436,1
941,940,Undirected,2437,2437,1
942,305,Undirected,2438,2438,1
942,943,Undirected,2439,2439,1
943,942,Undirected,2440,2440,1
943,944,Undirected,2441,2441,1
944,943,Undirected,2442,2442,1
945,317,Undirected,2443,2443,1
945,946,Undirected,2444,2444,1
946,945,Undirected,2445,2445,1
946,947,Undirected,2446,2446,1
947,946,Undirected,2447,2447,1
947,948,Undirected,2448,2448,1
948,947,Undirected,2449,2449,1
948,949,Undirected,2450,2450,1
949,792,Undirected,2451,2451,1
949,948,Undirected,2452,2452,1
950,439,Undirected,2453,2453,1
950,440,Undirected,2454,2454,1
950,952,Undirected,2455,2455,1
951,523,Undirected,2456,2456,1
952,950,Undirected,2457,2457,1
953,442,Undirected,2458,2458,1
954,337,Undirected,2459,2459,1
954,338,Undirected,2460,2460,1
954,955,Undirected,2461,2461,1
955,954,Undirected,2462,2462,1
955,956,Undirected,2463,2463,1
956,347,Undirected,2464,2464,1
956,534,Undirected,2465,2465,1
956,955,Undirected,2466,2466,1
957,339,Undirected,2467,2467,1
957,958,Undirected,2468,2468,1
958,957,Undirected,2469,2469,1
958,959,Undirected,2470,2470,1
959,532,Undirected,2471,2471,1
959,958,Undirected,2472,2472,1
959,960,Undirected,2473,2473,1
959,962,Undirected,2474,2474,1
960,959,Undirected,2475,2475,1
960,961,Undirected,2476,2476,1
961,960,Undirected,2477,2477,1
962,959,Undirected,2478,2478,1
962,963,Undirected,2479,2479,1
963,962,Undirected,2480,2480,1
963,964,Undirected,2481,2481,1
964,963,Undirected,2482,2482,1
965,346,Undirected,2483,2483,1
965,966,Undirected,2484,2484,1
965,968,Undirected,2485,2485,1
966,965,Undirected,2486,2486,1
966,967,Undirected,2487,2487,1
967,966,Undirected,2488,2488,1
968,965,Undirected,2489,2489,1
968,969,Undirected,2490,2490,1
969,445,Undirected,2491,2491,1
969,968,Undirected,2492,2492,1
969,970,Undirected,2493,2493,1
970,969,Undirected,2494,2494,1
971,972,Undirected,2495,2495,1
972,971,Undirected,2496,2496,1
973,448,Undirected,2497,2497,1
974,975,Undirected,2498,2498,1
974,978,Undirected,2499,2499,1
975,974,Undirected,2500,2500,1
975,976,Undirected,2501,2501,1
976,342,Undirected,2502,2502,1
976,975,Undirected,2503,2503,1
977,351,Undirected,2504,2504,1
978,974,Undirected,2505,2505,1
979,980,Undirected,2506,2506,1
980,979,Undirected,2507,2507,1
980,981,Undirected,2508,2508,1
981,980,Undirected,2509,2509,1
981,982,Undirected,2510,2510,1
982,981,Undirected,2511,2511,1
982,983,Undirected,2512,2512,1
983,829,Undirected,2513,2513,1
983,982,Undirected,2514,2514,1
984,643,Undirected,2515,2515,1
984,985,Undirected,2516,2516,1
985,603,Undirected,2517,2517,1
985,984,Undirected,2518,2518,1
986,379,Undirected,2519,2519,1
987,394,Undirected,2520,2520,1
987,842,Undirected,2521,2521,1
987,988,Undirected,2522,2522,1
988,987,Undirected,2523,2523,1
988,989,Undirected,2524,2524,1
989,988,Undirected,2525,2525,1
990,991,Undirected,2526,2526,1
991,633,Undirected,2527,2527,1
991,990,Undirected,2528,2528,1
992,633,Undirected,2529,2529,1
993,843,Undirected,2530,2530,1
993,994,Undirected,2531,2531,1
994,137,Undirected,2532,2532,1
994,993,Undirected,2533,2533,1
995,253,Undirected,2534,2534,1
995,254,Undirected,2535,2535,1
995,996,Undirected,2536,2536,1
995,1010,Undirected,2537,2537,1
996,846,Undirected,2538,2538,1
996,995,Undirected,2539,2539,1
997,846,Undirected,2540,2540,1
998,377,Undirected,2541,2541,1
998,999,Undirected,2542,2542,1
998,1001,Undirected,2543,2543,1
998,1002,Undirected,2544,2544,1
999,998,Undirected,2545,2545,1
999,1000,Undirected,2546,2546,1
1000,999,Undirected,2547,2547,1
1001,998,Undirected,2548,2548,1
1002,998,Undirected,2549,2549,1
1002,1003,Undirected,2550,2550,1
1003,1002,Undirected,2551,2551,1
1003,1004,Undirected,2552,2552,1
1004,1003,Undirected,2553,2553,1
1004,1005,Undirected,2554,2554,1
1005,1004,Undirected,2555,2555,1
1006,377,Undirected,2556,2556,1
1006,1007,Undirected,2557,2557,1
1007,1006,Undirected,2558,2558,1
1008,279,Undirected,2559,2559,1
1008,403,Undirected,2560,2560,1
1009,252,Undirected,2561,2561,1
1009,728,Undirected,2562,2562,1
1010,728,Undirected,2563,2563,1
1010,995,Undirected,2564,2564,1
1011,37,Undirected,2565,2565,1
1011,1012,Undirected,2566,2566,1
1011,1013,Undirected,2567,2567,1
1012,65,Undirected,2568,2568,1
1012,1011,Undirected,2569,2569,1
1013,1011,Undirected,2570,2570,1
1014,412,Undirected,2571,2571,1
1014,1015,Undirected,2572,2572,1
1015,414,Undirected,2573,2573,1
1015,1014,Undirected,2574,2574,1
1016,429,Undirected,2575,2575,1
1016,1017,Undirected,2576,2576,1
1017,1016,Undirected,2577,2577,1
1017,1018,Undirected,2578,2578,1
1018,461,Undirected,2579,2579,1
1018,1017,Undirected,2580,2580,1
1019,401,Undirected,2581,2581,1
1019,432,Undirected,2582,2582,1
1019,1020,Undirected,2583,2583,1
1020,433,Undirected,2584,2584,1
1020,1019,Undirected,2585,2585,1
1021,1022,Undirected,2586,2586,1
1022,1021,Undirected,2587,2587,1
1023,884,Undirected,2588,2588,1
1024,409,Undirected,2589,2589,1
1024,1025,Undirected,2590,2590,1
1025,1024,Undirected,2591,2591,1
1025,1026,Undirected,2592,2592,1
1026,682,Undirected,2593,2593,1
1026,1025,Undirected,2594,2594,1
1027,862,Undirected,2595,2595,1
1028,874,Undirected,2596,2596,1
1029,413,Undirected,2597,2597,1
1030,177,Undirected,2598,2598,1
1030,687,Undirected,2599,2599,1
1031,180,Undirected,2600,2600,1
1031,234,Undirected,2601,2601,1
1031,715,Undirected,2602,2602,1
1031,1033,Undirected,2603,2603,1
1032,180,Undirected,2604,2604,1
1033,233,Undirected,2605,2605,1
1033,1031,Undirected,2606,2606,1
1034,1035,Undirected,2607,2607,1
1035,1034,Undirected,2608,2608,1
1036,46,Undirected,2609,2609,1
1037,73,Undirected,2610,2610,1
1038,1039,Undirected,2611,2611,1
1039,1038,Undirected,2612,2612,1
1040,107,Undirected,2613,2613,1
1040,1041,Undirected,2614,2614,1
1041,1040,Undirected,2615,2615,1
1041,1042,Undirected,2616,2616,1
1042,110,Undirected,2617,2617,1
1042,1041,Undirected,2618,2618,1
1043,688,Undirected,2619,2619,1
1044,107,Undirected,2620,2620,1
1044,893,Undirected,2621,2621,1
1045,460,Undirected,2622,2622,1
1046,503,Undirected,2623,2623,1
1046,1047,Undirected,2624,2624,1
1047,464,Undirected,2625,2625,1
1047,1046,Undirected,2626,2626,1
1048,508,Undirected,2627,2627,1
1049,181,Undirected,2628,2628,1
1049,1050,Undirected,2629,2629,1
1050,1049,Undirected,2630,2630,1
1050,1051,Undirected,2631,2631,1
1051,235,Undirected,2632,2632,1
1051,1050,Undirected,2633,2633,1
1052,505,Undirected,2634,2634,1
1053,509,Undirected,2635,2635,1
1054,1055,Undirected,2636,2636,1
1055,1054,Undirected,2637,2637,1
1055,1056,Undirected,2638,2638,1
1056,1055,Undirected,2639,2639,1
1056,1057,Undirected,2640,2640,1
1057,1056,Undirected,2641,2641,1
1057,1058,Undirected,2642,2642,1
1058,1057,Undirected,2643,2643,1
1058,1059,Undirected,2644,2644,1
1059,1058,Undirected,2645,2645,1
1059,1060,Undirected,2646,2646,1
1060,1059,Undirected,2647,2647,1
1061,1062,Undirected,2648,2648,1
1062,1061,Undirected,2649,2649,1
1062,1063,Undirected,2650,2650,1
1063,1062,Undirected,2651,2651,1
1063,1064,Undirected,2652,2652,1
1064,896,Undirected,2653,2653,1
1064,1063,Undirected,2654,2654,1
1065,894,Undirected,2655,2655,1
1066,894,Undirected,2656,2656,1
1066,1067,Undirected,2657,2657,1
1067,468,Undirected,2658,2658,1
1067,1066,Undirected,2659,2659,1
1068,470,Undirected,2660,2660,1
1069,758,Undirected,2661,2661,1
1069,896,Undirected,2662,2662,1
1070,1071,Undirected,2663,2663,1
1071,1070,Undirected,2664,2664,1
1072,598,Undirected,2665,2665,1
1073,598,Undirected,2666,2666,1
1073,1074,Undirected,2667,2667,1
1074,9,Undirected,2668,2668,1
1074,1073,Undirected,2669,2669,1
1074,1075,Undirected,2670,2670,1
1075,1074,Undirected,2671,2671,1
1076,1077,Undirected,2672,2672,1
1077,1076,Undirected,2673,2673,1
1078,23,Undirected,2674,2674,1
1079,109,Undirected,2675,2675,1
1079,1080,Undirected,2676,2676,1
1080,144,Undirected,2677,2677,1
1080,1079,Undirected,2678,2678,1
1081,696,Undirected,2679,2679,1
1082,702,Undirected,2680,2680,1
1082,907,Undirected,2681,2681,1
1083,187,Undirected,2682,2682,1
1084,1085,Undirected,2683,2683,1
1085,1084,Undirected,2684,2684,1
1085,1086,Undirected,2685,2685,1
1086,1085,Undirected,2686,2686,1
1086,1087,Undirected,2687,2687,1
1087,1086,Undirected,2688,2688,1
1087,1088,Undirected,2689,2689,1
1088,1087,Undirected,2690,2690,1
1088,1089,Undirected,2691,2691,1
1089,1088,Undirected,2692,2692,1
1089,1090,Undirected,2693,2693,1
1090,1089,Undirected,2694,2694,1
1090,1091,Undirected,2695,2695,1
1090,1115,Undirected,2696,2696,1
1091,725,Undirected,2697,2697,1
1091,1090,Undirected,2698,2698,1
1092,238,Undirected,2699,2699,1
1092,722,Undirected,2700,2700,1
1093,1094,Undirected,2701,2701,1
1094,1093,Undirected,2702,2702,1
1095,513,Undirected,2703,2703,1
1095,1096,Undirected,2704,2704,1
1096,1095,Undirected,2705,2705,1
1097,1098,Undirected,2706,2706,1
1098,1097,Undirected,2707,2707,1
1098,1099,Undirected,2708,2708,1
1099,1098,Undirected,2709,2709,1
1099,1100,Undirected,2710,2710,1
1100,1099,Undirected,2711,2711,1
1100,1101,Undirected,2712,2712,1
1101,1100,Undirected,2713,2713,1
1101,1102,Undirected,2714,2714,1
1102,1101,Undirected,2715,2715,1
1102,1103,Undirected,2716,2716,1
1103,1102,Undirected,2717,2717,1
1103,1104,Undirected,2718,2718,1
1104,1103,Undirected,2719,2719,1
1104,1105,Undirected,2720,2720,1
1105,1104,Undirected,2721,2721,1
1105,1106,Undirected,2722,2722,1
1106,1105,Undirected,2723,2723,1
1107,1108,Undirected,2724,2724,1
1108,516,Undirected,2725,2725,1
1108,1107,Undirected,2726,2726,1
1109,23,Undirected,2727,2727,1
1109,1111,Undirected,2728,2728,1
1110,24,Undirected,2729,2729,1
1110,538,Undirected,2730,2730,1
1111,1109,Undirected,2731,2731,1
1112,540,Undirected,2732,2732,1
1113,190,Undirected,2733,2733,1
1113,1114,Undirected,2734,2734,1
1114,1113,Undirected,2735,2735,1
1115,1090,Undirected,2736,2736,1
1116,194,Undirected,2737,2737,1
1116,725,Undirected,2738,2738,1
1116,1117,Undirected,2739,2739,1
1117,1116,Undirected,2740,2740,1
1117,1118,Undirected,2741,2741,1
1118,240,Undirected,2742,2742,1
1118,1117,Undirected,2743,2743,1
1118,1119,Undirected,2744,2744,1
1118,1124,Undirected,2745,2745,1
1119,1118,Undirected,2746,2746,1
1119,1120,Undirected,2747,2747,1
1120,1119,Undirected,2748,2748,1
1120,1121,Undirected,2749,2749,1
1121,1120,Undirected,2750,2750,1
1121,1122,Undirected,2751,2751,1
1122,1121,Undirected,2752,2752,1
1122,1123,Undirected,2753,2753,1
1123,1122,Undirected,2754,2754,1
1124,195,Undirected,2755,2755,1
1124,1118,Undirected,2756,2756,1
1125,269,Undirected,2757,2757,1
1126,270,Undirected,2758,2758,1
1127,1128,Undirected,2759,2759,1
1128,918,Undirected,2760,2760,1
1128,1127,Undirected,2761,2761,1
1129,918,Undirected,2762,2762,1
1129,1130,Undirected,2763,2763,1
1129,1140,Undirected,2764,2764,1
1130,1129,Undirected,2765,2765,1
1131,919,Undirected,2766,2766,1
1131,1132,Undirected,2767,2767,1
1132,1131,Undirected,2768,2768,1
1132,1133,Undirected,2769,2769,1
1132,1142,Undirected,2770,2770,1
1133,1132,Undirected,2771,2771,1
1133,1134,Undirected,2772,2772,1
1134,1133,Undirected,2773,2773,1
1134,1135,Undirected,2774,2774,1
1135,1134,Undirected,2775,2775,1
1135,1136,Undirected,2776,2776,1
1136,1135,Undirected,2777,2777,1
1137,1138,Undirected,2778,2778,1
1138,13,Undirected,2779,2779,1
1138,1137,Undirected,2780,2780,1
1139,536,Undirected,2781,2781,1
1139,619,Undirected,2782,2782,1
1140,1129,Undirected,2783,2783,1
1141,1142,Undirected,2784,2784,1
1142,1132,Undirected,2785,2785,1
1142,1141,Undirected,2786,2786,1
1143,86,Undirected,2787,2787,1
1144,62,Undirected,2788,2788,1
1145,120,Undirected,2789,2789,1
1145,121,Undirected,2790,2790,1
1145,1146,Undirected,2791,2791,1
1146,155,Undirected,2792,2792,1
1146,1145,Undirected,2793,2793,1
1147,1148,Undirected,2794,2794,1
1148,1147,Undirected,2795,2795,1
1149,123,Undirected,2796,2796,1
1150,122,Undirected,2797,2797,1
1150,575,Undirected,2798,2798,1
1151,1152,Undirected,2799,2799,1
1152,1151,Undirected,2800,2800,1
1153,193,Undirected,2801,2801,1
1153,196,Undirected,2802,2802,1
1154,242,Undirected,2803,2803,1
1154,563,Undirected,2804,2804,1
1155,580,Undirected,2805,2805,1
1155,1156,Undirected,2806,2806,1
1156,768,Undirected,2807,2807,1
1156,1155,Undirected,2808,2808,1
1157,768,Undirected,2809,2809,1
1158,1159,Undirected,2810,2810,1
1159,34,Undirected,2811,2811,1
1159,1158,Undirected,2812,2812,1
1160,1161,Undirected,2813,2813,1
1161,126,Undirected,2814,2814,1
1161,1160,Undirected,2815,2815,1
1162,1163,Undirected,2816,2816,1
1163,1162,Undirected,2817,2817,1
1164,577,Undirected,2818,2818,1
1164,1165,Undirected,2819,2819,1
1165,1164,Undirected,2820,2820,1
1165,1166,Undirected,2821,2821,1
1166,1165,Undirected,2822,2822,1
1167,1168,Undirected,2823,2823,1
1168,1167,Undirected,2824,2824,1
1168,1169,Undirected,2825,2825,1
1169,1168,Undirected,2826,2826,1
1169,1170,Undirected,2827,2827,1
1170,206,Undirected,2828,2828,1
1170,1169,Undirected,2829,2829,1
1171,212,Undirected,2830,2830,1
1171,1172,Undirected,2831,2831,1
1172,1171,Undirected,2832,2832,1
1173,1174,Undirected,2833,2833,1
1174,1173,Undirected,2834,2834,1
